address,spx
0xaf06ff6243d166d20438d31b294b421c19994899,12416129.54684057
0x6b411100c72ba2445e50ffd20839c28b3546de7c,10783180.62977608
0x55d578950d3f21364537cd561149313627054e8c,7600000
0x85dead62a85cff13fdbe8dc1005f4593f578598b,5000900.81786
0x126d1a4bace22ee686c8e36d2b309a28671e2ffa,5000000.4415212
0x74f885f49020551a73669ae248fed5a1f346b124,4631045.51701069
0x545acad5506cfc873649f30c80cad12e96cd2d81,3806045.5572438
0xe0f693f4dc486fbe734e3afff5fe03fba08a64f3,3698185.31316499
0x90be4e1da4bb2f464576749abac99774148bc9a2,3500000
0x301f742573c76ee107cb8e263f2d5c009ecbfb28,3061423.63758181
0x97d5ee644057451be47caf737d444010ffc168be,2941619.48967461
0x9ab9ced0a8963b45ad10076566f237cee1cf1e47,2764314.35631279
0x74e84956df8af8354e82031de46eeddf99018d30,2524608.93885995
0x932bdd2d5e21475e62d2fea8158fc5974507cb1a,1910911.88978171
0xf634126ca98d70d0a77b8efc9645e9c0a6a85987,1800814.60269573
0xa64710f7077d8e81b12c437be8941aaad638b6d2,1672531.14865656
0x20db55f5345386726af47802f5b8ce5b4ddf34c7,1580529.84903197
0xcb2bf61f9c74bd8e8bd649a3dafaac16ea44eaba,1550895.43167156
0xdb22ca143f6396ad289c79cdfa5cc47f65884162,1500679.84812713
0x50b0c2fb15bfb6b35b6505c010be2512cef310b8,1344956.64586953
0xc8aae71823e285af191c2e0d405f26348af2bbbc,1221159.30531921
0xf2a2cdc1b60736e7d3e71c6c52c5adde71b63d58,1063957.43910031
0xbb020fa1a2bd3c5d1e568b988d2885becdc3ab6c,1043360.88392903
0x94959ef625a14c67ddebddc22a3d2f6de9e30b5f,1023731.0169
0xf7d7bfa5f536f36aa9a1c7173d88e6ff2e45398a,998410.00108395
0xd63df6d7492b2fa5f0cb7a5100dad7e195db2510,976000.04174861
0x68667f9b371742fc25735727a220d044f685326a,975000
0x310f0a2fb4e5fdaf19ebec249405bcc9e8379d37,750000
0x4350b4d00a63efa8b911d82dd8222ef2a368795c,720000
0x5d0579e2abf19445950600f4847fcf8a564abc29,620000.00462556
0x048b465b78fca66982d1a0005d90a924e9c2667d,587670.84816386
0xeedb1f57ee95bd9845e7bcd9c6b14c61f8eaba10,587199.9995884
0x7a7ff03d853993a5cab814dfc0a52728ebc36034,549744.32500054
0x42b21a5285424b0547f4e2c61d937ea1b19f0c5b,548537.72241195
0x49ffe4429610efa450b0654ea9a20e0eb4960920,541725.81583534
0x369e330eadd29a3f48663b38b1607b27b9e5dfeb,499999.99545301
0x99882462925c18e4b7eee7287e21f343a6d201b0,450000
0x76518ee1387670a77396e98867b874c4f95db94a,407780.63629169
0x8413f65e93d31f52706c301bcc86e0727fd7c025,390931.71971422
0x86567611b3b1d1e61581e73f3a97fc4106016497,375000
0x15eafc29816b34fb8b15dc6727a26de4c4cb2df0,350000
0x67ab3f037c04ca964b6f8cfb4c2a069407150a3e,333334.00467781
0x9eccbfea2894cf722cd8f7d309069591b850651b,300565.29867714
0xe4a448e13ba06786666ea1b4c8925e616efa6bbe,292644.79463841
0xb579393c53b1235ac7345e9438060cce36a9838d,260982.16564665
0x25afb26fed226c69c7a1d3325a51e87b1993d9f9,225000.80109956
0xba4b72db053f4d7f682389660c9c05363c18b7cc,218046.99040035
0x3a6ab0bd69796c7796bd2917884980883429ae02,212772.71874884
0x7079bfcd09ac050d3c8ca5d230336505bf5beb8a,200000
0xe931256bd7845dbe5f9df0a300696b7a0c0049de,170975.02937535
0x8dff15bb411cb9887ff0212da719b8a7ef4e8379,156215.13624979
0xc0e226f47072d2a887825dee1a6bf28f9155f8b8,156130.73097685
0x04f4844b5502fd9faac945e7cc2b369c7e675e24,152537.70065097
0x4bede6f67be997ae703e6fa1abb9579cf5fdacac,140000.72874796
0x3e50b7943586eb440c7e944ca9d173bca06d3dac,134921.04405843
0xe73bf5285365e42c18b8e20fa244f2f866cfc901,133725.0156519
0x104bb253d3bbe8c1b100d92e1f955db314f6ad11,127668.11519864
0xb4d1e110061671a2dc94ae93d4eb859ed668d7b5,120335.40741575
0xf3d9281fa183b74f32b96e1c5244596045f4ede8,118879.108926
0xc7548efc82dc67efd2e8a584123903777f1bef58,113680.55201671
0x5480dc9f9aa03f57f7da6ac8321819e5973ba5cc,112633.75607193
0x514c9c0f1bc120f57183bfe4ae092ff0be13a31f,110155.31596851
0xfee68d6314780974b77c721919755e71673c6e70,107500.00000001
0xbe3d7a861a275bac39405ddd5509a7e0184552e2,106416.53448179
0x9f800c628605e432eeb2111e220262caa518f732,104094.54020633
0xc3288a0cb7816674324268a56543f7a6a499c2bb,103569
0xc2079e5b077eae969dbeca3747bb855ae9df8f3f,101000.0009872
0xd85944a1cfb14c5a3a1ba581c95c3c756aaf6b36,100735.14368944
0x1d8660b15d8c644656f68d91b385306d79baf75f,100001.17685495
0xc7bbc5ab2dcc58f62cfef6ec7968f3507dde62e9,100000.0004
0x7a55ccdf42bedd9b836045c2a15cfd913bfbb503,100000
0x4ff2abee679d190e47f5eba636e2697e748831c7,100000
0x6de8dd307f540180a3eefaeadbbff9d5b0904bf0,99999.99981454
0xee8311fe397e2464f78b3732e74dcd65087e7187,99903.14426165
0x00098ff81bcc335d963c1019c963c6639cdac610,99168.01280475
0x27a95f87ae604e5a223e30698e7f7c1c2ba39aeb,97822.51832148
0xb7433a101d74393a817abe83eb74d175fda6f3de,95869.96241671
0x2964d617fd62994a65102c82dde82ae46d7503ff,92223
0xdb882c5bf8bd9b32532ed6cee18e9056f3b4a574,91374.18180641
0x3a3c34ab906b5c0b1cf34dca3965e54bd2c43050,91077.02996627
0x46767c8c02d36ade528cad6a1bfb4d62ff66a1f1,90000.66127051
0xb830777441a8d8a7185fd2491ee6c66e79b7ad48,85670.32396685
0xe09d3fb96691a5ca9d754db978677b970be3a231,85511.74155392
0x13b6d489b58c0bdd376a5fdf0913ff41263537d1,84850.42982815
0xb2ce5a9b147ba6d2a2d95c9be07e0458a9820928,83746.7564
0x702f18d5541d12fcee217a0891ca90a9c24ed80c,79603.46265522
0xc06c49e35cd2fa0623497bd93239449088690c30,75508.97976552
0x8908f3b4e7ad10355af0834b63fa73e7426c5149,75356.42874829
0xb836f786dd6690d896e95a27ae5490fe93fefcff,74242.41630409
0x493210103ace77acd645dfb0c616d20cab83e947,71266.7530331
0x850596444bb1921ef60e647f0951f766c6359c83,70011.80893608
0x60af1c4d843093b8196d1ada2aee77664ac8b4b2,70000.03329178
0x8d64898e2f89e3ca1fcd5684882812eb4960c985,69420
0xe5443bfe9a0b4c67c80aea056cfbd76018739654,69000
0xc2abd43e2d24642a03267c5690e1916547d67912,67880.16815713
0xcef9b5c629664b415dc8d456b5f139154f8d8f0c,66555.18691132
0xe55daca9c71fd10adde4639e09f71749ed441933,64828.3271208
0x770442a45a16f1f697b01a052a4d5560e6f78452,64721.60731118
0x9b6ff64363858a023adcac30736b1cbe56bea065,64178.61043637
0x2b3a3e9585ae70b7752b324fa195021a9855d58e,63612.87238253
0x55bbacbe37d989c890e1b57588b5d72ab0da6b43,61313.19007149
0xf58dbd74f26e4bdbcf2a26e2f848e8348530f0e4,59295.78247586
0xff8902ac24eac4f4dd4b14200536772f3d671363,58052.2945166
0xca7b6d0e84a624d6a719fb12f441747201dba51c,56546.30539
0x2520774ef0bf4bafdd44b9e22de8e9e8ead936ae,50954.56241577
0xe0d68f1bf9d2c388429f91ee0249ba19d50c0a7e,50942.10560338
0x56c58c17605838d08dd45aa46a70ead919372eeb,50000
0x55437fb95dad1eb8859f6ba8c0ca0d8d3b11920c,48932.19501846
0x8174c4ef0ae6c4f253ac796b00752416e82cbed9,47843.72782305
0xbe026ae67432efa9ad85b897a70e0bab0dcb1cea,46864.8258409
0xd78d7f8f38a9ad494c147da73c24f7862045b8db,45817.63641374
0xba39bf5db0cc53337ffbf4ab2bd2c014f12d0ae2,45545.54302835
0xe6d25f097f7ddbf22b71406f6beac259cc87f783,45000.7178161
0xd502ba26510702f08150cd7d6ff00aef786d4885,44956.75885246
0x84d4435b5a3c2cf42c5c7b513983f553df1c17c3,44542.91660916
0xd41e55befb6861c94d5ac9e6df4db80d2549c3c8,44230.12637412
0xe4c71eddb01e330e72c94e10c61554143f49952f,44063.3
0x6c715c0df19f07cfa79b76e7ef68ec21c7cdfda3,43533.30443306
0x6d970c5d3fb2cf589398148839b9833c06640b64,42851.11903789
0xbd384906345cdcec6c517b3b723d6b1d2651948f,42000
0x01e679b8d3273490d88855fcc57e072c5bac1de5,41618.62305963
0x2e9431a49407c9026343b1ce3d40a70952ec07d3,40893.68226858
0xc106e01f6406a0e579d721a4002d072686f14219,40612.85368826
0x8931d487f8f713ec29ef7cccf1b3b9f08ab76e56,40500.2332146
0x23699ed9476008ccd5cc40a2a203bdcd8777a72b,40000.73212712
0x1208ec710852c271526a2db652074c1762f64d2b,40000
0x78f9eaf5a9e1a4fc58c6778bcc6a383b26f8fc53,39350.4072
0xc527f87ebe412d0ad727a686a2b07f839d2f9616,38332.92941642
0xfc6d2ddd896656fd4f4a76083e5c7cf53a87e2d0,38000
0x5140e648e5055b27ef43499264d20a143688138c,37676.05096
0xf9c6f72276bb358e0708fb1162212dbefef0dff7,36592.79644248
0x120200bc38df4cbd1667644848aa74cf896dbd37,36046.18745673
0x4e10fe60b48fabc9931b8b567b45724bd10d924b,35222.70601791
0x25861512b2e293c6f0f301820915ecb36749459a,34379.70035976
0x251e77f8b5b44484807528e18e9479a1e4c314d1,33486.00945973
0x48e180b4ece7478511bdc7479838a142cbc07879,32195.29602318
0x0322fc4ade4c234a544f466c6276b0b0547f8e90,31837.79343198
0xc09b682cfdb3df4822178fc81393403f5b20e149,31712.39042931
0x9d6db13af8dfdec6a44ef795a3eaf154417ff7e9,30384.36165818
0x1850428eb77616ca9bdf366cadfaadc76a2e1eb2,30158.6946122
0xce11d93f58310d5a7a087199ffd2614cb0d4f488,29144.78173051
0x343c80183e14183024d3a2c822612b78c94ed2d9,28890.89352462
0x5cd3449ba84a2feedc4ee837ef934b46c378823e,28803.2251562
0x8486df0c7cdba563e0a91172e7a7f432d85694c2,26744.45316029
0x8d4bcd1b0d3c1aaae7a4215a11775ae1c7aa9c74,26282
0x234afb419a5886c39dfcdf04e772252bfb9c1c7c,25768.05934367
0x470f42255981588039aa8344384b185bced9c6fa,25747.26491389
0x4d720a0235eeb7aef45430dda2b9f337ae7efe33,25001.67229659
0xe00ed6e41270c3a248d4179b87c5f8695ae840cc,25000
0x6a675a019781c7c1257dd8d38e211e4c02b72530,25000
0x991fad0014d43ff26ae85e73808850407079a371,24797.15319265
0x18ec1677d8fea7f0b6d4562c188fee1edd21a6e9,24495.12137309
0xa88e843a20e84267b3a9e8e5898684b9913f6e00,23522.26661074
0xb3d229eb7fb98e497ab870b93de6e4f26c07d4cd,23483.36770965
0xcabdb00bc48a6dd96f5b373e0f2a5c4462261e21,23365.0961074
0xc600b2cfd4938876fd0f236cf34a95acf09a4d5f,23000
0xc8dc6dfc63f2051b6a660b23d8e96002f9111dd3,22930.2246792
0x2a54adc5a26ce16df2f654126bd27acba050e8dd,21906.21033528
0x0696efe8c3db6e7d8db2ebcee731c73246dcf1bb,21403.90477885
0x5cafd5fe2fa8bc67fe264f0c73a3a7d7bb5c7a7d,21251.61034207
0xc25f11c6afcf65eff9a947cefaa4a9c32a2750b4,20634.46577445
0x1a8321056f8cb4106eea5aa7110153c5c97170a6,20331.61223185
0xd000c8366d782d4a70ea14d6c33a0ed46b97d71a,20169.46975558
0x05ea5a944fcd4e12795fc93c4f8628be29cb8959,20053.04746587
0xe1db20a6f3605beaefb50389eb70584d93324ae1,20000.18519977
0x5cd60db7ab383cff6ba0f8e3b1dea9fde82deea0,19823.55857365
0xf865067a5b9672f11af8514440d9111afd05d040,18503.77729516
0x2177334384692952ff4919bb454474fd1a9e1f3e,17784.95882886
0xadd7cd4c09911638aec2e7074145b49de57dd1a7,17637.02593884
0xdb15c3bf8bd1b8ba9616959b363e5fb929c4fb19,17422.51409641
0xa2263d2c803bb6eef53cd8bfa5809a6748ec4413,17174.80936074
0x814c1df10596e865b9d4fc611928f032b0161204,16906.20398711
0x30e08202623dffa5052d6842f11d5c3e1f3587fc,16696.9818708
0x6f0b3a8a7d505d91cf8dd646a98b8149e0d077d3,15955.56397614
0x93dc9d73993a1bd57332327aef70ff789cdc980e,15150
0x44d90247d0d7b5b22da2b6a37d8f7f555618b227,15000
0xddd956c6c0fd92f3177533cacb469a5a3e4dd8d4,14807.56394985
0x241a218703fbdf569bf1e19dbb7a5cb4de6fcffe,14403.62885184
0x1ef85434aaa3e97560246a2eaca7965e0467ea36,14152.45132
0x09425893ea361aea687a55854ee368fce7bba9a9,13844.51055794
0xc8d351472379e6a991595000af793529357330dc,12680.40964929
0xa50eafab9c1f15ffbb00eeb03bdaaa4491ac938c,12062.84801321
0x55bf24736b707f8649313dd6c680b38dd351f37b,12055.07683245
0xcad4279426e869e8096d27719d83d8fe4a96bb87,11918.55654017
0x8b01bbcc755a3f7fa93e263afa463f0731dfd894,11669.01860458
0x3eb201cfdc53820c55611b6f560ac6866bb3546a,11288.65195969
0x52be25f9a8d03523f59f9de682bfcae89ae87051,11000.08281331
0x1cf31bcfd9e681d1b8aee0c539b5c449cf505a3b,10994.03092265
0x2e26da02a74131d8ecd627f1664c25a067275e26,10800
0xecf0a29edebeb94f768ea9e468d4047f92e917b4,10790.84445401
0x6a020272844ae64aa56d2e4d4f2570a9f13f47cb,10298.17216589
0x8b2135f5b8563fb23512b4c08690c570a5c3e88b,10097.20561796
0x5cfd4e2c982a66b32120e43b016f29c21cbe9b7b,10000.67693089
0x18c9eebbeb2f2188aaea9d05230165d4d2246342,10000.21458958
0x6b3ab283947afb581a461770d7c52d47b2624788,10000
0xbee1699f9343aeecbe3f9a9170703a86dacc1000,10000
0xb56accbb1e7b83386bc97e0c65b27895eaec5e0c,10000
0xbf59a6e5703fc315873bb12bdc00410eb3fea143,9862.20333527
0x9c968da4e5fd7b6a4709b993cc21c8ef0eb26f6e,9361.18194738
0xbe345111f4c85a229bac903704a76259a27e5a60,9296.65005947
0x9e139c0cba1538c72d8072e4b1fe090efee6cce0,9046.49285534
0xe98e38bb169d44e8b59327e742c166ac79ab50c0,9031.92565773
0xed98a1f0636e50cbed3059bdbc26457c11921e8e,8660.094
0xeffab6b25e795fee6457d435b143bb86d04595d7,8551.91085478
0x3de73aec76602bab50fe9499d6f230b653e9d619,8401.51197222
0x63e0b3b584631e80a4a2bc515c9941ee9b66ac6f,8153.68253973
0x38ec622b6f3101bc6e3190926a2c2e5134b025f9,7980.91660024
0xbfc4419da901eb7c1bf88c6b94506a267ad23666,7916.16909484
0x8fcb919de359f866591ef24de0834567cb6be1d9,7903.68496532
0x5bd8bdef2e890a19159cfb186b54f7d0b53c0833,7900.86875917
0x2ab17f85abe3d67f7b81b47d94090a5387facfb7,7823.03852484
0xa76e3bec2dd6382d16626f35de8c68f3fa49cd34,7818.04592788
0x3606b10db02d6b709b04b9c40dc827b627baa04a,7774.37963512
0x014de4846c73dfdec261aca6cd9e7db3b9bc3a11,7324.76263736
0x5f0f8d974773a1cdfdb2c4cb8b66f812cb12eb6a,7310.88952431
0x4a534873f48fbf21bb0572f0f72aa13578b0861a,7283.38506979
0xc46f3f28f23ba95a29dad6314353b6a5a4b86b64,7101.19305165
0xcad73c3d61e6f1d84b0cfd3f209db4d483aa188b,7079.08587844
0x264760913662db702eb491addd84488bd48e5a4f,7038.29520218
0xc87560a92dfcdabf183303d4e2636ec69132c0aa,6900
0x10e8f4aa1c393ba4b27389619477a883abb6d08e,6900
0xc7717686248b128afdc7a81e34a312830b7512da,6900
0xb6fa3a90ad56b2af016d72fa6460fccbc8619310,6800
0x326673be50a0bfd48213638a11c8f6e87268c555,6795.264
0x0135b6f14cedcb00f86a881042cea5c1e778b1d3,6661.77191549
0xce15bf33396828ac4a26769d56d49effe3383dcd,6647.65826657
0xecdaf73327b0418c19b06528fa7fda974865399b,6353.91290436
0x5b0f7fc77aa8203ea01b4444ead5383d7b51416c,6283.58083031
0x13f9e2bf5ec2bdfe2fe3fd871b8ac6590e49d55d,6268.05687744
0x17681ae02f9ee53c8138b508810d61a08a70d627,6206.61837198
0xfee5e0d8b2f364f17f34b0b8698bdd0751cb2d74,6123.07652318
0x75bd7382d1d77d94c5c203fa917f70dfc96f2c00,6120.16479751
0x4188c4cd0d7cd95fe54e8c55ccd2d057b9d01980,6000.00000077
0x15699ff33ebedf4c426619d81701b1ef7e253fc6,5883.61391092
0xcbf0ee2e330760f68358163570dd62a9d3b10f27,5859.54384313
0x5685dc5993bbe9b098cf795102d3d1e51aa05408,5782.64698249
0x3b6c69e7132aac03783f0be19442ccfe4ec37465,5758.53060864
0x942c1d69d59a59a1e0c1c429e1dd39bd74f75e96,5739.70424826
0xf98aa0c02e598ab2f49953c8857ce64dcb64ce99,5727.81542562
0xe4f350fccc5ec9a9cda566b0b8c986089be10b57,5193
0x657b996e69f98b82951edfb5868c7ea3894c8c70,5167.01872347
0x2f88aad8a9bdad26b24af20ae4055daa21021679,5000.63918925
0x63da4914afdd6d1a3770214c1428db4c06bbf3af,5000.58174676
0xb02cbe244f87cbb003d0feec99a60dc721d44581,5000.0010011
0xf72aebbd82355ad657333fd9262b5f8966a47f6a,5000.00044607
0x7b7551e1548145522febd1022e07525073c53c97,5000.00000149
0xa362a9676db12606d339d10433c1af3618bca1d4,5000
0xa85fea7a847b295822b6899937ef853e12601373,4996.91462
0x73584183165518b67eb66a74d6fc6374cf8959bc,4943.44107537
0x952723f9c329f59f1961efb2173ae1ad0ee624e8,4868.95872623
0xca286549c8a3ad78ba2e43a49240e12d2d58ce70,4705.73778089
0x00e81b2be055776cf3501493cbfb8853d6031dae,4422.1634908
0x30c4a4873d3b7be8d061519e1ca777fc0fdc41b6,4344.80385485
0x64568ee39f81b58020826ed9eff167a65cac769c,4299.77896861
0x965256e61aee113474eaa145dc6eb3c51461074a,3694.21712241
0xe7f55a045cd31918d0bd67020a39684bf065b090,3489.81483828
0xd7aa97fb443acdc38622056b963a5e8893f18c1f,3305.768476
0x6dc1ae0f4eec854b4a6b25e23eed3c8f415082af,3233
0x0b55e2bc2a560e61ff4cc6b276dc13c969193b95,3000
0x6901370415c2a27e1d19e4690ae39829c01936a1,3000
0xc5d3bcb5a23f45d92a24b371ebecbdac7463ff34,2921.05224379
0xb60acdeecf59e460051ca23ce6adbeeb8a58e385,2918.10787797
0x2aeeb8e73d561939dfca111b50d77d19fb28b004,2866.18525574
0xa4856cabc2aad10682dc3675a290ff5c54feccb9,2789.53378948
0x66b8b65fc4066798b64f6d1c1358edfc1ba1a20f,2761.26821475
0x7957ef86112535f4db83e3a87b24b0c6b386c102,2647.88304925
0xc540df5be9fdada8c4dc8816b4bb7c0878050d63,2500.00000222
0x7eec48d43fac9e60d49bba8756fd965aa6942997,2500.00000153
0xf5862660ae91ac6f4d56686d6b59705a72b145a2,2500
0x6a71ae86b120516796bd5e96ac7f67d92ebd7b2c,2300
0xe637dfb607b943e5dcf9f3594ac4ee67956e2311,2069
0x202b01344af9b0349817c0df98ec8d78491d2478,2038.04732405
0xcf022afd0289fca630eef7c9ea71bab943de6764,1931.2966041
0xe6a5cabb327bb22d4c6387b0016f23ad0c3ad07c,1928
0x96603ad1859b3ec43204cfd1865b5dbf6f6bee70,1922.7584689
0xd6200961b7e09ae4b8af4002542380e27bc8ab39,1708.5095193
0xacdf7da9c825b44b428b4b4fd7d51860785d461e,1705.9011387
0x300a655ccfb755fc1f7d0e64002b7b02566ce412,1563.52815869
0xaa5fb47246678d9d17d4c83cbd2680872d2fdc3b,1548
0x6ff2b32e08158eb685328f77176c5519e84469e7,1543.91514396
0x7926fb0720743e677b1e5effb9154f86aa593e54,1500
0xb69c2565a3bc61fe94c8d79bef2d194c1481bd0e,1478.66777238
0xedeb5cbf32d108163129958e8e6b22c4450f4323,1458.62385692
0x27cf0a01c7a4585924eabf830a003391bc653b2a,1447.99385538
0x119dd5bcba37c5d2b3cc9e7767d359e46c83b36d,1385.57012435
0x4969f27045ace726431c079cc6e3e4ff32e79220,1342.36768698
0x025a1d3060eee19b1efe3972196f29e1abb81b34,1326
0xc0c9e764ec6bd33e0589926c5f788625a065fdeb,1314.05622755
0x1ba4c2121dd840d158b09c262d829fdd2eb77630,1269.061815
0xa7be6b197456396278752f247136350cce334d08,1228.16528192
0xc0ac56cf556b41da25354cc0199200bf36f79ccc,1220.83066138
0x325e7d11ceb9fc8e0ec8e4612261f65168e230b5,1051.63956758
0x34cffa1116fed357d6222a55db6782a39b3f594f,1008.89823459
0x763e5aa3375ae1af82c96ec25e638798696c105b,1000.70165898
0x0a9e184ddfc9ff47267cb0da48bb5a24a48e81f5,877.6410251
0xaf9a158773499e619e853043f8589b7cd3d2174e,841.5229812
0xeb68dde9694307cd8878bd5a09c7b9fee0403984,744.92457193
0x655048fd3301fb9d767071772ddc055ae30a94da,690
0x83c9440dc34da00c47a0d4dc2b598d7bdb1b53f7,654.47572984
0x4db2d92730323420247ea1245336adf61e0ea442,619.20282627
0x43385503f4607fff87d04a49aae8f9eea708a5b7,604.89468226
0x801620722ca9ff9fb6f0af985a4dcec116e6c604,600.91926492
0x5c94675fabb70374b3af8eaf3ea85853eafd9cee,579.63973492
0x2f616e9bb037bf8b6598eafbe960e5cc7626cc8b,500
0xf04c0960da34ad6879533d1678aed60101e6e0f9,475.54884762
0x0fa3a81aed9e50d186d102a54b29482bdc655210,473.64592144
0x9812f00c034578a4919ad0f80b7e974a5d1d8681,453.22257568
0x9e9bcaeae4f115201f7678eb1402481866fc3ec3,415.41141763
0x8699890fffb4a44ca72de23f857f083ef879b3c5,395.71638934
0x0ca68354b4410f00d5850d51488cd589b0262488,353.85079786
0x5cb9d77720e152e82c0534199b4cc002b02a11f3,314.84937207
0x8bfff78edbfa534fe52dd87d945dac9a671957ae,300
0x04bd3ffa150cca5cccd0b77697a4457afa8ad9fe,292.2073368
0x9bd58f12ffdfe228d1f085ab0af55fa070b31391,287.06961495
0xf5c34ad5937b514caa17436e05921a3c9b35e79e,247.55139305
0x5349605eae6a6d3a835cb013bfc55cb4966417bc,247
0x83d5770fff70d12b9c16ccd17cc1d174ca457734,245.94577402
0xe1c57e968d8e7bf3173585feebe97b9c24a002cf,226.51794355
0x5a415d3e88bed25ddcbee37be9cca60fd666af14,214.3671871
0xc2db056dffbc25d2434ea9536a3afdb0758062f2,194.19540884
0x8675c1c5e5a480e277cb4589a6bd17545be1e3b8,163.56545045
0x5529e0608cfc0cab5bb86b59cba7e88f0f66dfef,157.22449794
0x03e8428e14fdbf530d1d2551612239ff40218697,150.5727202
0xaa9c40201d1ac8bfe3f28c2350978ba4cafd1f04,132.31358669
0x9c73519f0504a54af9451d9bc7f0fbce609a15fb,120.45040735
0x884a026ec806b382e2308bf72695f2e76d9c0e78,119.02369521
0x548a9d6fa0a4b5f1226a4c7bd7b47170e47ee6c1,105.94844812
0x939dac8072b20a93e5a74e266867e9dc74aa9430,82.024271
0xe17ba81662bb320bb5a4968af6bca01f0ffb0729,79.72417588
0x02c545e7e16afbbe405fad98a8a5a9a9feece114,77.13550998
0xc56325dfdf50483b67ca31a377fb09a3129a9c89,69.76919154
0x018d95a786da83066d827b56340f3ec87d65814b,69.52425975
0xb8c6e04b6eb46a2401987ea3a96baf8e48f8ef4d,21.17129592
0x1972560d3c113924df93dd2ac84bac702ff5e498,20.85295431
0xe71ec87ada55dffe6be4cf664b33e767de8a2c91,20.08959073
0x7e10af6fd9766386262287ec7751df5259820995,14
0x5551935319cd516e455542ed76f5cd1707a741d3,7.44736604
0x09009cfe4d4ed1d015c5a2e5a02c32739c2c38e0,7.43809769
0xd8cd18407be1a6b0be6e6484ca99b6da31e98161,6.84054283
0x88be4255a620bec5f9cf77880eb40c1dc8e2b628,6.09757169
0x3686985d325ad62e8dd125bc8e416620bf6db1df,3.73606533
0x43bb2d8317c3accbb2760ab22d67a701f24c2eef,3.65389427
0x02c2e025b219976c85b70a2e0cf110c97930e8c9,2
0x186228b9bf24fd2b7e81bea04b5a35ecac0f5d02,1.72362207
0xcff5de8bf37966a9942e4337a8e1d06921cf4be9,1.31162034
0xf42c3258931c3cc68a7b73967bfb88e3ebcc37dc,1.30689005
0xda338706c5bb964507d49278a57e0be19a59b16e,1.02345347