day,vwap_usd,median_usd,trades,usd_volume
"2024-11-02",0.00031730253832393436,0.00032783151165295866,932,309032.9446160956
"2024-11-03",0.0002753345230948309,0.0002688644107457305,139,52431.12079048292
"2024-11-04",0.00012154979247263612,0.000116718942963815,129,38004.92346155457
"2024-11-05",0.00016560446704912577,0.00015546061616763748,105,31151.466671067905
"2024-11-06",0.00022136916892107164,0.0002487539532456518,98,40627.43596619504
"2024-11-07",0.00016042687892319963,0.0001542207646862634,102,14164.667521573245
"2024-11-08",0.00019942384566060969,0.00018116272388183673,46,17077.294275472537
"2024-11-09",0.00023590694761190252,0.00021899658509369797,80,29808.348359718526
"2024-11-10",0.00030826368611456444,0.0003197668363291252,80,29879.359212412408
"2024-11-11",0.0004596376687459145,0.0004947276037404315,129,53209.87685859631
"2024-11-12",0.0010537878355608488,0.0010376794025757157,234,168600.44006942536
"2024-11-13",0.003254839386919776,0.004089084092629736,521,684882.2785062179
"2024-11-14",0.006456143604006402,0.006371967606833242,1585,1565543.629368281
"2024-11-15",0.011903096010855777,0.013755294638778863,1835,2731984.9792404613
"2024-11-16",0.015244911871168516,0.015667284001532222,4443,3072176.010118257
"2024-11-17",0.017592763545159706,0.017006942649314467,4555,2863399.2359195286
"2024-11-18",0.02767955971193498,0.027335198935941232,7058,4623183.087045537
"2024-11-19",0.03568332929218046,0.036530834542416464,11059,6485017.22540098
"2024-11-20",0.039392299256506946,0.04101127668234955,8970,4186074.966047025
"2024-11-21",0.05269915938792719,0.05320897491556287,10435,7855192.930793025
"2024-11-22",0.053087144365015486,0.053365474724416016,6170,3495725.6667643096
"2024-11-23",0.04518077718617996,0.044677088974325936,4044,1651139.8715217456
"2024-11-24",0.048031841453891666,0.04890882036955097,2607,1586316.6962239447
"2024-11-25",0.04884981926076914,0.048092829637265536,3525,3021248.1143965465
"2024-11-26",0.08093926913996945,0.08215020153904948,10411,10666870.402413951
"2024-11-27",0.12191325020488315,0.1237888620505924,15094,15463477.381267205
"2024-11-28",0.15822117140970665,0.1590587392438543,13305,14945701.76929353
"2024-11-29",0.19985660436264585,0.19911187278053843,17947,20818006.736663498
"2024-11-30",0.20864818017745695,0.20941578438765865,16830,18364592.672867097
"2024-12-01",0.1908818392314302,0.1898746860216114,17302,17077546.611133534
"2024-12-02",0.1868035567600719,0.1806544930492022,18318,16897485.87582829
"2024-12-03",0.2742041362030231,0.2765273440163864,23557,28361481.161977295
"2024-12-04",0.24091987156429745,0.24425508480703578,22804,17205299.014645796
"2024-12-05",0.2109689209043956,0.202054375967858,19809,16917556.57516743
"2024-12-06",0.2429178843422203,0.2458453979520879,15499,12517840.41804803
"2024-12-07",0.19639243467326614,0.1932199918202084,20463,13532182.312371362
"2024-12-08",0.18746436068227204,0.18819924774474478,13003,8694023.349639794
"2024-12-09",0.16000984140609428,0.1603453063962439,18135,12359989.71939872
"2024-12-10",0.1775974223595954,0.17801665036588857,14111,9087134.103098085
"2024-12-11",0.20255724281290058,0.2025877701624658,12816,8348030.346324497
"2024-12-12",0.2154443888669527,0.21966850551471864,16489,12674571.186575832
"2024-12-13",0.20218928925700852,0.20392556541497864,15001,10891745.759084318
"2024-12-14",0.2534259646686174,0.25293073443636355,16382,13671044.938660216
"2024-12-15",0.27642014650127444,0.2739269934995141,13400,9951250.006260533
"2024-12-16",0.270888490142693,0.2702296255651942,14227,16393462.365582872
"2024-12-17",0.2327041139199888,0.2328609125265355,9872,6544792.845938859
"2024-12-18",0.262340812963063,0.2632130014030037,23483,23838504.959158927
"2024-12-19",0.2594453444632268,0.26002750672483793,16465,13592508.916536324
"2024-12-20",0.2737219076947653,0.27962779057522913,28543,26910347.52152907
"2024-12-21",0.34262528931933056,0.3418207402351879,35869,34563071.60404802
"2024-12-22",0.2862173385838506,0.2850726463202618,26080,13780308.58771666
"2024-12-23",0.29871852023175693,0.29862461919089384,25149,17091383.689139076
"2024-12-24",0.3256827935019008,0.32623717760273635,22174,19039250.11173652
"2024-12-25",0.3268837521066205,0.3238955573372544,23861,20500022.29914775
"2024-12-26",0.3577818302187064,0.35740217594934476,25824,21945661.76391642
"2024-12-27",0.3490434992058528,0.3467628398891673,25676,22228552.285441753
"2024-12-28",0.3807319940201993,0.37102361739172374,28493,24901473.59392828
"2024-12-29",0.4786231212305646,0.4863418423769486,38782,49444859.831639305
"2024-12-30",0.5069475830896111,0.5010812845611803,34049,48814949.91573334
"2024-12-31",0.575957195158346,0.5590045894971845,37869,48478819.43354611
"2025-01-01",0.5925173560008555,0.5978253711205943,47719,54712555.56153412
"2025-01-02",0.5593027386406162,0.5568228854353781,51008,56426883.0950372
"2025-01-03",0.5044087343976642,0.507916773833152,37632,37117752.268394366
"2025-01-04",0.5017916692808712,0.5063110832084378,32458,21380527.972686443
"2025-01-05",0.5145084213657205,0.5192464985933,34659,21055924.473745108
"2025-01-06",0.5541222454185063,0.5571162382053414,37669,30168005.47873007
"2025-01-07",0.5143982622730359,0.5194968125870985,31239,22946333.984044764
"2025-01-08",0.43412140964601775,0.433288369778539,28324,25579619.335609056
"2025-01-09",0.4104221509818166,0.4129665828436888,27856,22995079.599550825
"2025-01-10",0.5301596258908925,0.5311460656314222,81345,80781509.78983328
"2025-01-11",0.4786534817661987,0.4778914306728185,53581,31869624.167310633
"2025-01-12",0.48636865148532027,0.48906587974296795,35377,17288523.44182528
"2025-01-13",0.41246751880054067,0.4108657276391748,30747,26251036.616605952
"2025-01-14",0.574916804131361,0.5729870242214167,65906,65773614.79474902
"2025-01-15",0.7542647848757629,0.7335248843693655,84401,118130620.56267618
"2025-01-16",0.8501138039745715,0.8576846698676583,84417,78825330.9381932
"2025-01-17",0.7787261281863257,0.7744771983341525,60310,43064260.819416255
"2025-01-18",0.6778599745149473,0.6765118950030288,54582,38505821.796140596
"2025-01-19",0.7540260318824256,0.7469599616356034,77567,76695803.7813184
"2025-01-20",0.6394891790660145,0.6388682916930565,53467,46388839.37309384
"2025-01-21",0.65775735379683,0.6497375283579696,58919,47048166.68186305
"2025-01-22",0.7970839475938121,0.7930653289578322,82764,91203942.7026238
"2025-01-23",0.7254078061213148,0.7211593025212578,55302,62470829.58468679
"2025-01-24",0.6897022629627589,0.7008545865668984,40729,33611814.0542982
"2025-01-25",0.6477619052004484,0.6435824914522711,36629,24542407.565673333
"2025-01-26",0.6240455733447855,0.629880492348811,38280,29632641.039806314
"2025-01-27",0.5251162490846297,0.5254094711987375,41937,46071638.50100455
"2025-01-28",0.48509398978382445,0.4986291126120381,33108,28605692.392950017
"2025-01-29",0.462496090023238,0.45495342328493665,43279,23932927.768168718
"2025-01-30",0.4863038143999312,0.4846350625123173,47928,25598407.780848246
"2025-01-31",0.46669380685424183,0.4656003765872734,46532,23725265.337376367
"2025-02-01",0.3852478603535712,0.40134072591633263,54349,25492799.15210756
"2025-02-02",0.3340238543909096,0.3475568924810495,53229,25742970.58796761
"2025-02-03",0.31160130954153487,0.2990984393480614,63378,37248361.76258122
"2025-02-04",0.32375001993814273,0.3275439790481186,60085,25665199.962540638
"2025-02-05",0.31368673046336004,0.3214381762560195,62718,13644490.05120972
"2025-02-06",0.26940798939036564,0.2791713151670641,54898,19578631.62204333
"2025-02-07",0.25940013620277813,0.25681164604570933,55834,14828214.18762234
"2025-02-08",0.2484391343515799,0.24832942508215458,35255,8338065.297060551
"2025-02-09",0.24537862829024154,0.2514013180450918,33255,9942678.704426436
"2025-02-10",0.270012464702639,0.25988071361404674,50986,19769421.930014424
"2025-02-11",0.28463892400845914,0.28064610275991797,48794,23409692.419355042
"2025-02-12",0.2462217175236363,0.24898054673100775,36493,14442930.258323563
"2025-02-13",0.24853276761454127,0.24516441038586395,27086,9304931.721220125
"2025-02-14",0.2470631787068712,0.24434143737416142,29977,10053860.055666
"2025-02-15",0.22425627071922585,0.22420319978350495,22394,6900762.75891909
"2025-02-16",0.2170641286716661,0.21661302853552444,25392,5534876.50584358
"2025-02-17",0.21097680945977082,0.21318138115226606,32410,7671524.000636527
"2025-02-18",0.1826357844676678,0.18255240207685702,27583,7588566.393661281
"2025-02-19",0.17976348626464803,0.17992874483076182,21987,4923674.507198643
"2025-02-20",0.18558699972518986,0.18593969786924813,30227,7685199.007604351
"2025-02-21",0.2105604938664853,0.20879969090973108,45304,16545208.352333575
"2025-02-22",0.20882474609593502,0.21102967218528787,34668,11970424.485458594
"2025-02-23",0.2074959951016514,0.20723003605048126,18950,4180506.3886541715
"2025-02-24",0.2037398235855913,0.20643725816453137,37447,12233451.610085329
"2025-02-25",0.18181419389424,0.18068164309031995,32758,9963100.9610751
"2025-02-26",0.20037036649526552,0.19940643528834753,31166,8064445.566346724
"2025-02-27",0.21158925121647446,0.21208847725315283,27558,6449017.415778239
"2025-02-28",0.19380618045843395,0.19297816521225764,25339,6147614.357769697
"2025-03-01",0.20113696749890825,0.2037032201833171,20346,4245152.263796582
"2025-03-02",0.20995370748678516,0.20271460226954655,28849,9609806.542684155
"2025-03-03",0.2132961086099898,0.21903393833101606,27516,7679894.038206352
"2025-03-04",0.1671898286542556,0.16720955251813313,23274,5510807.223682988
"2025-03-05",0.16071004672897923,0.16114738563950567,16220,3227940.5543287797
"2025-03-06",0.14861009390006208,0.1505677621301047,19970,4580100.066073635
"2025-03-07",0.13402881633224153,0.13447550378937584,23250,4317873.508540547
"2025-03-08",0.1250480627572736,0.12681157632702525,23975,3919142.066371501
"2025-03-09",0.11461939455831406,0.11826651951406167,19215,4972771.955563903
"2025-03-10",0.10823498293584248,0.10910856786274545,18077,4006666.546562005
"2025-03-11",0.10374924139028555,0.1049150172601666,17035,3039230.3422846356
"2025-03-12",0.10403702306634613,0.10406982905217747,14389,2327530.1710427627
"2025-03-13",0.10993829948303169,0.10887316822493956,18751,3221644.1434893445
"2025-03-14",0.1171683382548594,0.11735661681603861,18774,3089514.7515137824
"2025-03-15",0.11628340323620183,0.11649602123857199,17615,2453303.488633843
"2025-03-16",0.12281058259135609,0.12062387078805939,29533,5608491.185755383
"2025-03-17",0.11733716049009153,0.11697484534068106,20390,3387972.053535293
"2025-03-18",0.10090581602887591,0.09998680415719023,16032,2647244.5169548076
"2025-03-19",0.09851449810037084,0.09826361396194913,18448,2725382.2487621033
"2025-03-20",0.10274108076456141,0.10316212617013769,17593,2171857.181332893
"2025-03-21",0.10241686033904142,0.10253586418405906,16413,1919989.2369324598
"2025-03-22",0.10419921674273358,0.10416694005787773,18685,1658401.3444005344
"2025-03-23",0.1034706680609469,0.10333284485643791,16488,1495252.0817922407
"2025-03-24",0.1225094037129593,0.12151874719509026,34976,5103129.958357317
"2025-03-25",0.12084348877840848,0.12018305465218884,21752,2521044.6919826875
"2025-03-26",0.12404542595766273,0.12306106558603713,19526,2557865.3561951597
"2025-03-27",0.13104742517702017,0.12899874658785496,30072,5161035.837645975
"2025-03-28",0.12052420641214404,0.12052966939741479,19904,2507291.4388613966
"2025-03-29",0.10913128412772159,0.10909581848457219,19873,1730415.1173763126
"2025-03-30",0.10651640796175157,0.1065975894587902,15022,1518937.373648834
"2025-03-31",0.10761835891290611,0.10756122313829886,26930,2564180.2201489103
"2025-04-01",0.1095082692136016,0.10957459854364858,25830,3034961.6227568546
"2025-04-02",0.08757675013558093,0.08597589836033728,30535,3781872.092020045
"2025-04-03",0.07903981797988298,0.07974735999054182,21153,1691054.4659398764
"2025-04-04",0.08250350965266448,0.08197843083284212,12163,1315198.807098279
"2025-04-05",0.08179817834215064,0.0812744965589578,5763,537339.9968689762
"2025-04-06",0.07447561869619121,0.07450102952840101,8814,1307930.384852792
"2025-04-07",0.07250156160594794,0.07318163109719346,12067,1797910.8892497483
"2025-04-08",0.07290284939860917,0.0741996598843877,13202,1035595.5916336938
"2025-04-09",0.07448401939323598,0.07265718190324089,11786,1903568.540381528
"2025-04-10",0.07617215828674138,0.07606933926763712,8323,950079.9433535509
"2025-04-11",0.08002534198820134,0.08061855190920221,15999,1835913.690363658
"2025-04-12",0.08424500182177184,0.08416723398826625,19938,2330448.432698517
"2025-04-13",0.08831042315149454,0.08871982689661154,18775,2159764.108863843
"2025-04-14",0.08330266521520555,0.08357674240854741,15949,1863012.970143938
"2025-04-15",0.07958509109000472,0.07966553294143021,11119,1425260.3002029273
"2025-04-16",0.07611316968085165,0.07616411730432875,8814,1043222.0282115751
"2025-04-17",0.07541329172008167,0.07541059937129811,5911,991938.3870126352
"2025-04-18",0.07756945989542827,0.07733318691183103,7304,945968.543951732
"2025-04-19",0.07997058696377116,0.07921890260974919,5624,646065.642627381
"2025-04-20",0.08394552138261878,0.08396816839937168,7803,892390.8237351978
"2025-04-21",0.08517134594951475,0.08558608502328113,7708,990035.5875992125
"2025-04-22",0.08894129395785245,0.08704956869024043,12819,2009742.129245585
"2025-04-23",0.11518390028624954,0.1127911126372834,30803,5300532.825399917
"2025-04-24",0.10637438659584704,0.10644939834670006,15909,2144109.0139618414
"2025-04-25",0.1255423587406206,0.1243287772086176,28429,5525625.22422683
"2025-04-26",0.1476099663475055,0.1488014371071701,42892,6789997.40644841
"2025-04-27",0.13770198477894818,0.13677362851163774,24356,4194123.6932444726
"2025-04-28",0.14814561539017346,0.14999607734658768,31131,7237011.36225137
"2025-04-29",0.15511619284821962,0.15496050963534888,33573,6869641.091492377
"2025-04-30",0.15470611011923713,0.15446030760494,28810,5849140.680125318
"2025-05-01",0.18626829271364445,0.18908216055310492,44589,11706244.610340405
"2025-05-02",0.19888968334324073,0.1981500148186731,33872,7144191.228393546
"2025-05-03",0.1843738541253363,0.18605373519375398,21000,3604076.0969682597
"2025-05-04",0.16820762773044326,0.1681110844417868,26298,4503715.061468494
"2025-05-05",0.1787685359540096,0.17900180563366477,29898,4615551.05122049
"2025-05-06",0.16835457940575482,0.16813471333809615,30909,5820387.535113774
"2025-05-07",0.1656485557021544,0.16524995561246614,28489,6402204.266419396
"2025-05-08",0.19169059757369544,0.19308630160295964,40825,10065831.085975979
"2025-05-09",0.21144128900923814,0.2094652328037933,40571,13500402.714037769
"2025-05-10",0.21432073471550947,0.21308288450801532,29211,8176155.768888522
"2025-05-11",0.20833587888503116,0.2067955134464864,26257,6652639.197251662
"2025-05-12",0.22472038198226973,0.22512023948711465,39486,11831951.676172897
"2025-05-13",0.2168698247582593,0.21766900619993856,23904,10224381.536130328
"2025-05-14",0.21618138918623378,0.21573029829398677,23131,8926505.174989898
"2025-05-15",0.19176204956645462,0.19092864449238828,17359,4570710.728983335
"2025-05-16",0.18471964422969267,0.18613432644027564,15776,3096134.3664238458
"2025-05-17",0.16651423317211972,0.16677808395338573,11869,2153934.3233911726
"2025-05-18",0.18345184198131267,0.1850086869872124,22602,4203310.6656560665
"2025-05-19",0.17826825789528805,0.177285582551747,18081,3665933.0989407175
"2025-05-20",0.18776899236858002,0.18729658305412356,19580,4416257.189602728
"2025-05-21",0.19300525019725137,0.19159094720723377,17880,4547174.638592504
"2025-05-22",0.20377185690792057,0.20375412480979388,17211,3917725.3035244187
"2025-05-23",0.19942232854150638,0.20434481004806918,20505,5165500.13194922
"2025-05-24",0.18063578186882073,0.18097184892906168,10783,1679389.969503732
"2025-05-25",0.1732065620301989,0.17175630857899823,12389,2258692.1817910126
"2025-05-26",0.2034332475437359,0.202300058152916,23811,5474098.807778619
"2025-05-27",0.22659052476454955,0.22658158816152993,37137,10548876.549666101
"2025-05-28",0.23488262244269686,0.23609988880437668,25315,6752493.048401345
"2025-05-29",0.23224020689247063,0.231446161547186,18438,6348288.602908135
"2025-05-30",0.20343353073664047,0.20544473782439907,21898,7157909.903971716
"2025-05-31",0.18391094695375934,0.18441979983471044,26498,7959014.889763011
"2025-06-01",0.18934826912110464,0.18999630870527973,23366,6724890.639985877
"2025-06-02",0.18947206412375306,0.1881473121693483,46781,6115005.91502821
"2025-06-03",0.1898228566942157,0.1886011829647689,187724,6058220.294193273
"2025-06-04",0.17972067668748673,0.1797474185972532,167911,5165701.50796769
"2025-06-05",0.1770075519077419,0.17807859943645696,36917,7031414.498746097
"2025-06-06",0.17610311420193633,0.1760305372277324,31096,5107011.310401109
"2025-06-07",0.177630539954195,0.1779086042922777,23764,3613405.3448923663
"2025-06-08",0.1763809510811094,0.17568829371083877,24633,3476757.2187569803
"2025-06-09",0.18591841268750417,0.18718941247781598,26663,5485561.379104778
"2025-06-10",0.1937704563414158,0.19364523844707407,25130,5996771.748688962
"2025-06-11",0.19298385864603695,0.19422442968397063,29335,6222752.601347622
"2025-06-12",0.18229576446490744,0.18192088193209974,26990,6476654.184032315
"2025-06-13",0.16748647133428696,0.1678758209335813,33231,5876730.163433069
"2025-06-14",0.1674549239175721,0.16689650298990844,34827,3325632.601259846
"2025-06-15",0.1711706939164801,0.16801246652022586,18158,3413619.0001275064
"2025-06-16",0.17866100023850592,0.17882673083659875,24734,4975505.814043045
"2025-06-17",0.16149653808077422,0.16208945105182598,17412,3553080.8744675145
"2025-06-18",0.15008680840698976,0.15103147187125984,18414,2715497.8138193293
"2025-06-19",0.1481723805203606,0.1494284067730371,17414,1860306.2777807957
"2025-06-20",0.1408591974307367,0.14406764659544666,9467,1813033.5917639649
"2025-06-21",0.1267189497542646,0.1324503135011345,13811,1915501.340269979
"2025-06-22",0.11745465651290124,0.11736643099881576,15694,3157582.578682369
"2025-06-23",0.12900046243408644,0.12695147033916016,20550,3777207.095430433
"2025-06-24",0.13974471595356014,0.141721421533004,30234,4591982.05549646
"2025-06-25",0.13621783748623728,0.1349402063800832,17776,2748838.65066239
"2025-06-26",0.13033746795550497,0.12985944292677207,21162,2151746.4470764217
"2025-06-27",0.12885417675574315,0.12865782897565164,27464,2202692.075624806
"2025-06-28",0.13035987906022847,0.12869358643221496,18469,1676769.413109655
"2025-06-29",0.13539132982569857,0.13459535318241272,27343,2455081.850355334
"2025-06-30",0.13198442749744804,0.1321889514768034,23041,2478572.1110278
"2025-07-01",0.12577245048991545,0.12574088133306968,20346,1623746.273877679
"2025-07-02",0.1317131669305915,0.1326803867153047,21867,2347950.3979212698
"2025-07-03",0.134445206769786,0.13433804633909519,23815,2139061.7717373245
"2025-07-04",0.12812563075502256,0.12761884916375443,18263,1469223.7501559714
"2025-07-05",0.13239267914680344,0.13139735993295662,22651,1959017.1824124344
"2025-07-06",0.13106498620029597,0.13115259457747105,24031,1814218.722424691
"2025-07-07",0.1323022260258957,0.13261358871955978,22433,1889251.6810883835
"2025-07-08",0.12494069867959928,0.12440055879583317,27849,1444150.8504726114
"2025-07-09",0.13669288079182002,0.13631267155987156,31081,3330526.859767358
"2025-07-10",0.1485731049741414,0.1451162371338923,35396,3500161.581452481
"2025-07-11",0.15795945790507077,0.15814877914571074,34082,4223375.7829263285
"2025-07-12",0.1458307056617292,0.14612353300778214,28591,2154794.0329082184
"2025-07-13",0.14779107484784573,0.14753447431347355,29384,2642826.024016771
"2025-07-14",0.15956817901010195,0.15593367397929175,43572,5750332.635461421
"2025-07-15",0.15023060249413014,0.14817732605492195,31051,3112197.438402741
"2025-07-16",0.16037843798071894,0.15815282356968038,28381,3704154.9824795853
"2025-07-17",0.17178796818829667,0.17296790506600557,39122,7055538.3352836715
"2025-07-18",0.17276454032646255,0.17255495969677764,33812,4339677.454573953
"2025-07-19",0.16550592925685112,0.16543443523166854,26307,2144145.318765716
"2025-07-20",0.17189036175760952,0.17147757970039476,19588,3247825.5969587136
"2025-07-21",0.1758701766221023,0.17633866008435228,25697,4820926.8433257425
"2025-07-22",0.1713186405756684,0.17230011885256458,29041,8815670.90591013
"2025-07-23",0.1634999749795941,0.1649889478462524,26884,4926177.548045032
"2025-07-24",0.1503873206457593,0.14962814518079762,31646,4072053.5903247828
"2025-07-25",0.14191904624397253,0.1422220597611522,27471,2268518.809955329
"2025-07-26",0.14832072818857073,0.14873650405804392,13086,1186600.4531503087
"2025-07-27",0.14968403587943535,0.1491136711606044,10656,1197888.4762919694
"2025-07-28",0.14702499087684903,0.15006764917477564,12425,1645654.3179208294
"2025-07-29",0.13598041281146683,0.1364845312392304,12531,1510156.539079427
"2025-07-30",0.13134379737741925,0.13232591960225099,14301,1211369.4912131513
"2025-07-31",0.13042603068456984,0.13273136374322786,15096,967091.3552601566
"2025-08-01",0.12024541013113094,0.12073127834793883,13570,1114731.023898736
"2025-08-02",0.11605916955324433,0.11610542615324297,15090,788266.6310992572
"2025-08-03",0.11806437780227838,0.11811212170654746,13067,736052.8826138956
"2025-08-04",0.12208950636559729,0.12183853228147824,14095,934852.0135267345
"2025-08-05",0.11713246395549388,0.1171056449082887,17584,2165110.4230403933
"2025-08-06",0.11705939943278199,0.11634987572115747,15196,1296683.3257644742
"2025-08-07",0.12635794003482367,0.12570942822229128,17476,2155224.3450462054
"2025-08-08",0.12906441275389371,0.12884503939537884,12931,1200479.3867820285
"2025-08-09",0.1338201463355836,0.13313168082548593,13701,2298471.7523248335
"2025-08-10",0.1360728034242437,0.1372514607266101,21403,3091394.0801316565
"2025-08-11",0.1338070408993669,0.13604851066983206,17971,2131926.918842188
"2025-08-12",0.12983245693547726,0.1269763410820375,16479,1933028.0677958762
"2025-08-13",0.13470808759500166,0.13479217854958392,12262,1993583.5987404338
"2025-08-14",0.12519116169401884,0.128534510245415,12531,2505614.9455541736
"2025-08-15",0.11708552131639556,0.11831628235889291,8436,1056969.9917670926
"2025-08-16",0.11622453037369668,0.11608415695743854,5032,495636.92329755373
"2025-08-17",0.12103233014196674,0.12085425498916405,8924,1168189.1982477594
"2025-08-18",0.11563366707400176,0.115479227671592,10018,1254318.793718196
"2025-08-19",0.1120008357963031,0.11188556808338869,15308,1459289.5975625631
"2025-08-20",0.10937081228789476,0.10888176773676211,8366,1143204.9198228805
"2025-08-21",0.10964084316795765,0.10930283808582429,11292,692631.3333954165
"2025-08-22",0.11328154938061716,0.10834988340081891,13806,1742338.7742501518
"2025-08-23",0.12055655979933176,0.12030088796572003,16520,1431977.9276277204
"2025-08-24",0.11689845466338634,0.11643719410485676,16859,1948034.5476018116
"2025-08-25",0.10947629662578763,0.10987387276666474,12876,2361864.1751807085
"2025-08-26",0.10364581850801764,0.10349237637251037,13111,1161766.7060730949
"2025-08-27",0.10546180622345262,0.10540606335250402,10078,757308.6579709623
"2025-08-28",0.1098696968249285,0.10911526002300641,11461,1479313.6444744468
"2025-08-29",0.10828243416930702,0.10658973015454738,16352,1979150.191898529
"2025-08-30",0.10612290022446672,0.10612536450178936,11435,680111.1481350705
"2025-08-31",0.10590539275878127,0.10604175801994084,10336,467338.9311958486
"2025-09-01",0.09900992693518992,0.09916953120753785,17022,1260693.0944300469
"2025-09-02",0.09833732599666742,0.0976309092684245,15573,1312401.92713559
"2025-09-03",0.10529929294528113,0.10558491541457872,21448,1922266.7426629872
"2025-09-04",0.10096541127635528,0.10145860700626279,13656,1139526.2812591216
"2025-09-05",0.1040659635367093,0.1042235123813597,11736,1424517.4437768252
"2025-09-06",0.1039252095501933,0.10363593617081412,14498,1078711.3481173147
"2025-09-07",0.10941804638015415,0.10970584585008569,15355,2175287.5522712893
"2025-09-08",0.11345619863312958,0.11210182254469991,18054,3690760.7622185396
"2025-09-09",0.12052982336299452,0.12119826607727263,27766,5530803.934935352
"2025-09-10",0.11641640825654012,0.11609047618788543,14053,2231113.213832625
"2025-09-11",0.11593467030466695,0.11592001652802607,14678,2193024.0567091554
"2025-09-12",0.11972931589231603,0.11940188228963504,18520,2056785.5308697883
"2025-09-13",0.1266816783077996,0.1259827929940458,18776,2612292.3761600326
"2025-09-14",0.12087190928947575,0.12176370904615379,13907,1647629.1352578294
"2025-09-15",0.11557484244889575,0.11350598341250041,11938,2213576.0408103755
"2025-09-16",0.11308012995277665,0.11281930910824615,10130,1235005.0467031829
"2025-09-17",0.1166891438002471,0.11451201356220914,11265,2121994.9850766314
"2025-09-18",0.12417219349590816,0.12360008837783996,12562,3143778.1392352455
"2025-09-19",0.12302876085170447,0.12205844489713062,11594,2158990.393618307
"2025-09-20",0.1182724753606266,0.1182465703353086,9505,971628.0503347917
"2025-09-21",0.11762228451790635,0.11770636276360187,6928,1186396.5698469763
"2025-09-22",0.1035418757185005,0.10142868119472884,6595,1756042.626914983
"2025-09-23",0.09918350536930948,0.09913567988825037,5188,1008969.5480107319
"2025-09-24",0.09825061902214108,0.09851425651285124,6905,857617.266365221
"2025-09-25",0.0928311509392371,0.09309774056649726,11273,1213356.314753184
"2025-09-26",0.09135292289192334,0.09082299875092861,8885,613703.0613646248
"2025-09-27",0.09294875421670362,0.09271908466833181,9306,833178.0964697473
"2025-09-28",0.0920387502881346,0.09134608704748555,11872,598845.3113942973
"2025-09-29",0.09216091917622733,0.09195538570961555,14404,602091.8205129213
"2025-09-30",0.08891242796339681,0.08949121608398997,11050,709278.9451941424
"2025-10-01",0.09425390208285066,0.09434117533094256,11602,1009680.7720051397
"2025-10-02",0.09931001799296113,0.09888060051059668,10481,1282729.8854211033
"2025-10-03",0.09989426553398695,0.0993478497080096,7707,1437663.912353689
"2025-10-04",0.09856696118041285,0.09765229844382288,7981,663687.8056364033
"2025-10-05",0.09824510456432577,0.09748634394248053,9455,683650.8432189527
"2025-10-06",0.10122763463187126,0.09739952398182422,9280,1583612.6422018642
"2025-10-07",0.09957108444299566,0.0999248098120318,8613,1335816.9991559265
"2025-10-08",0.09437529968400972,0.09329215515769904,8916,472284.7647048238
"2025-10-09",0.09108874084066321,0.09160705297358111,7354,473392.6586396857
"2025-10-10",0.06462963230100281,0.0830102875056866,12012,1995434.051025943
"2025-10-11",0.05890441905341697,0.059237796396159885,14434,1389042.2362452715
"2025-10-12",0.06099808142858216,0.058505787904415844,9770,734435.1456796621
"2025-10-13",0.06683802995995912,0.06685266839130463,12657,1300713.8591438192
"2025-10-14",0.06452553866998366,0.06490864486373178,6052,736987.474244936
"2025-10-15",0.06437346055653323,0.06465837745251898,4681,652282.7019388613
"2025-10-16",0.06184861252099888,0.06243876363483281,10349,1050428.9921403746
"2025-10-17",0.05683359027555248,0.05721971830856181,8890,998353.1161346391
"2025-10-18",0.05823270119117844,0.05817335031621805,4545,409685.6105897133
"2025-10-19",0.05915863396378715,0.0590165060819398,9941,575136.7997420148
"2025-10-20",0.06058533917488643,0.060616781424045994,5242,494257.3018485889
"2025-10-21",0.05945856927482277,0.058666764233878795,4820,511996.74919122056
"2025-10-22",0.05452125289840481,0.054998217113975824,5658,544110.7086691959
"2025-10-23",0.05398374258861655,0.054036402944388835,4108,271504.60564218514
"2025-10-24",0.058143613630212816,0.05685909818324255,12311,1226627.6046257187
"2025-10-25",0.07500881100423723,0.07511990668281866,56984,10408201.340378521
"2025-10-26",0.08906247343093716,0.08867393295439067,60681,9834507.565620478
"2025-10-27",0.09609673096556268,0.09642257589742047,27092,4008274.527731305
"2025-10-28",0.0835861472111305,0.08289587906212822,21170,2999109.5529133836
"2025-10-29",0.07871452357123072,0.0790416519882251,13273,1593352.5902638782
"2025-10-30",0.06954984582886253,0.06992456248333002,13563,2340842.5438589714
"2025-10-31",0.07487894235663582,0.07490626144891091,17125,2004094.1592124125
"2025-11-01",0.08155024234080688,0.0824186813800735,29730,3202381.4002108127
"2025-11-02",0.07542326288389288,0.07596039591830461,8819,797658.6396598433
"2025-11-03",0.06712449633501884,0.06784328019157555,11142,1399065.9321197614
"2025-11-04",0.0626824652957852,0.06285474860369877,9167,1291686.8779312398
"2025-11-05",0.06182758909639258,0.061748911061975206,7844,817249.9104996679
"2025-11-06",0.06094155064576363,0.06072077805466383,7331,681674.107587755
"2025-11-07",0.06562152921490774,0.0647491089749204,23720,1407989.2029639087
"2025-11-08",0.06738357339433466,0.06704809596255883,17586,858531.5282602819
"2025-11-09",0.06523662617702103,0.06507853995671777,11919,648938.0431975045
"2025-11-10",0.06670889592175312,0.06698793640330789,13497,972447.4099439757
"2025-11-11",0.06289145538692281,0.06243970519368226,8242,573234.2038573304
"2025-11-12",0.06117131440139477,0.06153262647598059,10652,789717.9439748314
"2025-11-13",0.05901085443150404,0.05980943715325451,8753,774175.1656639866
"2025-11-14",0.05628274586171539,0.05639453084516011,7843,716906.2874120313
"2025-11-15",0.0552979657152492,0.055278597027903234,7624,343526.77186479926
"2025-11-16",0.052630198772327864,0.05328852905901484,7556,376600.8608261922
"2025-11-17",0.05126587341136728,0.05140849825513039,9790,716425.3673741516
"2025-11-18",0.0531853148088383,0.05288345546718003,12469,829218.0016355768
"2025-11-19",0.050751159047217796,0.05118677292582948,8405,508547.9468667216
"2025-11-20",0.05086181536588367,0.0513348155338273,8839,705283.9781567415
"2025-11-21",0.04470242820406916,0.044464229471882194,9165,645760.075847222
"2025-11-22",0.042822227700770946,0.042726875285678555,6958,302766.3742046314
"2025-11-23",0.04385039669334892,0.04396971307184148,8727,344371.0002718041
"2025-11-24",0.04361922755662365,0.043588278240903125,5129,295567.18021024595
"2025-11-25",0.04495460092964534,0.045015324176686244,10233,406980.13003958645
"2025-11-26",0.04459379395624824,0.04482490957432708,5031,201086.39769589555
"2025-11-27",0.04914297788550941,0.04961818292884266,23963,817622.1601843549
"2025-11-28",0.047841450606634035,0.047572215161914906,10519,333764.2011164589
"2025-11-29",0.04890900037640835,0.047894464713651136,20745,1345682.1868971875
"2025-11-30",0.0471000103185086,0.04719838298221919,6711,197379.91005673635
"2025-12-01",0.04184129239181756,0.04178742065032816,7341,323280.589030378
"2025-12-02",0.04244621680253095,0.04142392324592492,8335,376325.43132743245
"2025-12-03",0.043679851348842065,0.04382982471272545,8074,343718.14732871304
"2025-12-04",0.04493735788012849,0.044697633927197056,8572,381938.91553317953
"2025-12-05",0.04194082723823638,0.04214274855144248,4143,188834.69231193294
"2025-12-06",0.04153531357802949,0.04146826168494603,7266,212296.39544355564
"2025-12-07",0.04075746508934739,0.041024895843509115,10253,612791.3574726301
"2025-12-08",0.04041200163877442,0.04029859107255398,5277,203886.21565966393
"2025-12-09",0.040897929901726866,0.04007296123922644,5763,227071.87388730384
"2025-12-10",0.04088980945064935,0.04084558049446399,4796,247398.8245429242
"2025-12-11",0.037506720724656877,0.037491432248016404,4875,227573.03823817102
"2025-12-12",0.03785843717676365,0.037744246620498204,3846,296295.1625907432
"2025-12-13",0.03668058579529006,0.03667477737450821,2849,106014.08538119154
"2025-12-14",0.035184129756698296,0.0354857052033011,3571,125512.88271423163
"2025-12-15",0.03401235188419514,0.03470440218569924,3486,150499.93271962894
"2025-12-16",0.03077367189767681,0.030919917116941188,4721,283475.2583604003
"2025-12-17",0.02951082920710544,0.029555005322435476,4101,216405.00327190594
"2025-12-18",0.02947152040034797,0.02866929926321448,15273,1005220.9910424993
"2025-12-19",0.028301013549037225,0.028299400225994756,5174,179705.47030217378
"2025-12-20",0.031228008321773394,0.03132568755404098,10711,336084.5611360931
"2025-12-21",0.03027479059825619,0.030485210359026866,4640,137038.0531262352
"2025-12-22",0.02913444325994773,0.029200481815087817,3204,88608.99460978087
"2025-12-23",0.028054722795040312,0.028058268869535927,2715,62119.46143711033
"2025-12-24",0.02890077327183071,0.028918372653311927,8747,251005.57339003903
"2025-12-25",0.029304187895356947,0.029240598189088106,4720,145614.0343103081
"2025-12-26",0.031110489450262,0.031113947467654404,13679,429471.9073847633
"2025-12-27",0.033245524570662224,0.03266276607013174,11939,469251.9681365631
"2025-12-28",0.03162543629568258,0.03173033099976751,2365,67629.11998427237
"2025-12-29",0.031570310494381124,0.03142493388443154,2748,174870.63627819708
"2025-12-30",0.030052560281217198,0.030059151227285898,2248,73587.75055528221
"2025-12-31",0.03276016111083828,0.03303328671347058,15761,594985.8970613751
"2026-01-01",0.0371505214166776,0.03665569630762884,25177,917637.1483717783
"2026-01-02",0.04077268173032143,0.039748878999610174,13607,655919.6833587834
"2026-01-03",0.04276798211361599,0.042719279735127534,13476,620353.7789074226
"2026-01-04",0.04144512060267298,0.04141705725242319,7265,431811.8873282141
"2026-01-05",0.04246469723343449,0.04241078004820376,16926,1140898.7416035926
"2026-01-06",0.041777562079191144,0.041828694435775166,10266,610728.4255043109
"2026-01-07",0.03995820858061759,0.040565905336077485,7753,427941.15862200235
"2026-01-08",0.03761952954487664,0.037318364566872944,13376,965143.1090787011
"2026-01-09",0.037221827585955214,0.03707592388811436,4492,269023.02206287504
"2026-01-10",0.037290751820444716,0.037366223816878326,3626,132117.28208299735
"2026-01-11",0.037498342632115836,0.037315525121447896,8808,431709.68577912165
"2026-01-12",0.03668677931550594,0.036666769618950504,5581,278193.7499169071
"2026-01-13",0.03663277943437653,0.03630141243267095,5859,267009.96720991656
"2026-01-14",0.03815377018931865,0.03815690910878836,5526,262444.55672998197
"2026-01-15",0.0356210466249684,0.03587005154102667,4119,187890.26255903774
"2026-01-16",0.03429164790470052,0.03407243891092006,3996,154420.4520779408
"2026-01-17",0.03507221087457502,0.0351267125876989,2851,140165.5672921219
"2026-01-18",0.033482194408284434,0.03369328630606179,3379,226326.29462238064
"2026-01-19",0.029859409540808474,0.029924598934466445,4484,325921.48301839805
"2026-01-20",0.028925413494798994,0.02896850529079986,2790,135987.06782686766
"2026-01-21",0.029435597762498343,0.029276320294561207,4702,228907.2831456376
"2026-01-22",0.030050594935103727,0.029973247008715835,3221,174715.67656144683
"2026-01-23",0.030500008404055777,0.030312598264399585,5005,219381.7931929304
"2026-01-24",0.03113279907627198,0.03134238102423516,5922,271010.20998138044
"2026-01-25",0.030472973118521977,0.031065214694856468,3884,236017.6196703157
"2026-01-26",0.030018480060613584,0.030010292316567076,3118,132298.40645188515
"2026-01-27",0.03010304751875138,0.030109243946176745,6816,185488.51353616395
"2026-01-28",0.031085894803841652,0.031075551557143817,8171,274893.6636090086
"2026-01-29",0.028452516482690083,0.028885722497954996,5214,220925.9869131846
"2026-01-30",0.027791825477449142,0.027693318771265768,8468,424331.7901887964
"2026-01-31",0.0257120585431549,0.02630406206709349,8188,550975.7860844089
"2026-02-01",0.024757805966397085,0.02494129809466013,11876,1167806.1294488662
"2026-02-02",0.0243706212660568,0.024328420675290733,12978,1348295.1149682184
"2026-02-03",0.02402209305244485,0.02409231734346697,17119,1596921.0030595856
"2026-02-04",0.024065652590501634,0.024149490696066298,9328,651040.8459528263
"2026-02-05",0.022566867664903435,0.0234763087658468,4628,294755.834557623
"2026-02-06",0.020559164051924317,0.020473936037176465,6795,295925.42899447447
"2026-02-07",0.021385773169550957,0.021395721874089516,5113,335605.1618776729
"2026-02-08",0.020916442966292675,0.02084830152210618,14133,408201.59024983493
"2026-02-09",0.020195905547862266,0.02025386530421875,5187,131263.01193763554
"2026-02-10",0.019545126414681816,0.01951357010141669,6513,183927.4419027144
"2026-02-11",0.018850581204215306,0.01884280812111612,4712,150978.1085634417
"2026-02-12",0.01991662174009812,0.019933786750080906,6700,180359.290384836
"2026-02-13",0.02011299754732761,0.019963526697043564,4085,99034.83786132223
"2026-02-14",0.022079720630286268,0.021893723789745422,9904,369498.4815248348
"2026-02-15",0.021761624485179803,0.022069855107639095,4624,145734.85181502294
"2026-02-16",0.02137840584457052,0.021274444242873735,4879,206167.83215479332
"2026-02-17",0.021450617138697278,0.02138402529237227,3900,196587.92562443897
"2026-02-18",0.021056470027002103,0.021175384089987048,3191,120585.92582520451
"2026-02-19",0.01985145113073217,0.019865958393418728,2688,81054.79991837357
"2026-02-20",0.020239177173317142,0.020231262953932704,4115,130532.5969319934
"2026-02-21",0.020351266787384272,0.020356150246640104,1753,56381.88462704281
"2026-02-22",0.01927635206262426,0.019240820402604168,1481,53154.12871148935
"2026-02-23",0.018641693932767246,0.01860814927062553,2241,107938.69473499004
"2026-02-24",0.0184429654888632,0.018444179083645113,2071,71520.90197490154
"2026-02-25",0.020198160048815278,0.02001733724081805,6713,205010.504825808
"2026-02-26",0.020197183836216145,0.02029347963837897,3885,109617.38733173914
"2026-02-27",0.022752908966065123,0.022635577695441268,19701,1111064.6100884345
"2026-02-28",0.020861554839129954,0.021145016538687236,5425,219421.04213723578
"2026-03-01",0.021510233484998892,0.021582660298346584,3385,156455.20140609183
"2026-03-02",0.02302580058202829,0.023215608854708268,10924,656268.1927201363
"2026-03-03",0.02633088967012695,0.025601284220184508,18925,914098.7427242678
"2026-03-04",0.02954365857178571,0.029514518386781687,22261,763600.2926126485
"2026-03-05",0.030428721908267384,0.030732542691869823,13671,431691.44925834436
"2026-03-06",0.027770327045465237,0.027977280912239177,5905,169979.90736450948
"2026-03-07",0.025371538012237783,0.025620209140221593,2729,117531.53528722076
"2026-03-08",0.02414468610667523,0.024106796902895637,3491,126779.48258384377
"2026-03-09",0.02524233860607076,0.024949990957941183,7697,354153.3523005545
"2026-03-10",0.02544015849782326,0.025479321127237924,3528,135205.80817563017
"2026-03-11",0.02616852916224626,0.02661605590792198,9079,372974.7177885017
"2026-03-12",0.02690985578417556,0.02692907830255464,5875,205299.25826503546
"2026-03-13",0.027127726719488817,0.02708988216955936,4756,185723.34229128505
"2026-03-14",0.026046576187285172,0.02610129418910954,2641,89744.54263898742
"2026-03-15",0.025606464858741265,0.02564031751719507,3801,132917.83167483067
"2026-03-16",0.027167899624342684,0.026977748637818,5612,301322.01537854
"2026-03-17",0.02725816061252427,0.027044963834452283,4417,253084.5926046004
"2026-03-18",0.025620723741999914,0.025943046385759432,3086,120702.16670233886
"2026-03-19",0.02343225716365603,0.023317803478336986,3889,151642.46533879315
"2026-03-20",0.02422393866879747,0.024133312978258575,6732,199482.57705590036
"2026-03-21",0.02566294700800361,0.025625348003019976,5305,213888.5843034231
"2026-03-22",0.024890649115690743,0.024772017230814767,3465,117097.33913530015
"2026-03-23",0.02438842682626724,0.024272749842071766,3607,114798.2993809161
"2026-03-24",0.02470833912912657,0.024685421418366247,3314,130307.86205827468
"2026-03-25",0.025717759166785148,0.025781852468430472,4503,180327.28499307428
"2026-03-26",0.02476882947140819,0.02468899439465947,3305,91132.09053150282
"2026-03-27",0.02441858249843071,0.024336841488196318,3874,171655.11421452928
"2026-03-28",0.023941551451692036,0.023756751750864287,4357,147386.56166312913
"2026-03-29",0.0232301011117055,0.023238202765710467,1818,68656.05680392093
"2026-03-30",0.02358274001322144,0.02362653320692436,1709,60626.96777780185
"2026-03-31",0.023081653531215808,0.02307962194984495,2148,98961.42842610143
"2026-04-01",0.023317002346043815,0.0232971600627856,2497,92347.18573083363
"2026-04-02",0.022040167757394806,0.02196537903478462,2938,112807.64150075783
"2026-04-03",0.022198803475313816,0.022053526053191844,3137,133579.69008119524
"2026-04-04",0.022868628232736634,0.02278783121652573,3184,113682.21409261151
"2026-04-05",0.02189448781270419,0.021817663062257197,1426,44111.174845638365
"2026-04-06",0.02307189265006038,0.023021854381160525,3423,118035.16385125776
"2026-04-07",0.02270216456042047,0.022384850472165815,2823,142283.1953059933
"2026-04-08",0.0259831066746406,0.025897519635803962,8267,498208.4106480837
"2026-04-09",0.026196687746316658,0.026316830528496517,4728,231454.49528810644
"2026-04-10",0.02506297618659537,0.025201306716523382,2464,141667.75797831692
"2026-04-11",0.024625651611582037,0.02465257375586835,2039,79306.2360716724
"2026-04-12",0.02367519547520351,0.0236630875343012,1882,87550.0743140396
"2026-04-13",0.02394716983634212,0.023912392525814907,2820,177348.49807710276
"2026-04-14",0.02484030920058974,0.024796371548332332,3282,169634.41226440715
"2026-04-15",0.024695808407797778,0.024508147040363557,2265,123314.69403177798
"2026-04-16",0.02988420311295791,0.03012723567232599,15324,774314.3422970088
"2026-04-17",0.03099935911698201,0.031183671117876424,9475,474178.5703561995
"2026-04-18",0.02872559758425751,0.028829368830375797,4351,266930.7831565773
"2026-04-19",0.02654661295855759,0.02658671421773633,4025,179642.88385644482
"2026-04-20",0.026194388360191598,0.026192191677658818,1860,97276.4609903215
"2026-04-21",0.02602604612909461,0.026041541423113428,1497,75245.54480945051
"2026-04-22",0.02758219684310745,0.027661460944530678,3711,191305.98802205545
"2026-04-23",0.02705735893004847,0.027000392396381395,2624,109715.2406742265
"2026-04-24",0.028827190439194992,0.02878589155668617,3638,219922.87865045946
"2026-04-25",0.028036769722884023,0.028064032057592107,1248,68236.17054105451
"2026-04-26",0.028159551262025823,0.028217594352247077,1528,72878.54872179468
"2026-04-27",0.02777516866252869,0.02752375924071731,2435,155743.4686175693
"2026-04-28",0.027321327826764368,0.027237558933353726,1709,104717.35523007109
"2026-04-29",0.02836246298061684,0.028736462210657798,3973,271009.1624394265
"2026-04-30",0.030270986956061032,0.030627650565958196,6874,401243.70307409554
"2026-05-01",0.03129575170712358,0.031109637338270386,4603,296665.6796539882
"2026-05-02",0.03340568029211414,0.03399817367465083,8246,494030.6080050168
"2026-05-03",0.03381473896401652,0.0337104232014424,5446,455067.9531708949
"2026-05-04",0.03342488689917691,0.033307035945312986,3976,333595.56575348874
"2026-05-05",0.03394380748986512,0.033918978552022035,5440,444132.7837954774
"2026-05-06",0.03440375124933824,0.03425181111095523,6653,536196.5073434879
"2026-05-07",0.03417028027981821,0.03418652785077727,6390,433872.6002388273
"2026-05-08",0.03473324799931445,0.03470282195692602,3495,211119.23014124992
"2026-05-09",0.03672453170156271,0.03667181989155606,6057,453636.5627659211
"2026-05-10",0.035088998966873675,0.03504978040268835,3054,178895.84351743138
"2026-05-11",0.03448226815378103,0.03442904467955563,2115,145650.3578501817
"2026-05-12",0.03236465580260382,0.03238426690208519,2552,143619.3282020355
"2026-05-13",0.031643243426888436,0.03196687283556813,4424,210064.30714168455
"2026-05-14",0.032445030157056916,0.032648994004660814,5284,366811.0621381589
"2026-05-15",0.031965828510154476,0.03205129634368632,5223,343119.10470017634
"2026-05-16",0.03246922274450595,0.03245911283631238,6085,417824.49328672834
"2026-05-17",0.03283943853773366,0.032957296871495664,5047,358970.2348790688
"2026-05-18",0.031013688450638618,0.0308619492279425,3915,273676.8014589126
"2026-05-19",0.03160127585426501,0.03135689982173734,3589,206544.9058287354
"2026-05-20",0.03135333594107383,0.03142092309777148,2930,160061.89514157805
"2026-05-21",0.031418880563040326,0.03148600665642422,2475,147133.94666265987
"2026-05-22",0.03157287607573666,0.032158579316952055,4269,263742.4932968429
"2026-05-23",0.028874559543175634,0.0288521874321773,2550,167564.87165594174
"2026-05-24",0.02895105503758032,0.028937068638294965,2618,164102.6410389776
"2026-05-25",0.029614402932490555,0.029617419426171805,2931,160112.87257169912
"2026-05-26",0.03134347873902454,0.031508916948769915,6345,294440.3168685696
"2026-05-27",0.029995496800888373,0.03034638579754443,4524,185441.4561934113
"2026-05-28",0.027090958354823145,0.0269619273560936,3208,112215.52611483149
"2026-05-29",0.02811478240267575,0.028191508169427018,5942,173195.88122582645
"2026-05-30",0.028713879232895763,0.028679580971111115,4437,139142.28083500155
"2026-05-31",0.028161974045527307,0.02821031666842361,2322,104911.08511139147
"2026-06-01",0.028457946320104326,0.028580720974148526,3723,174099.40981366512
"2026-06-02",0.02757846566963245,0.027520276383006876,5194,230087.22073058801
"2026-06-03",0.02681544855606735,0.026829473201633307,4151,182523.05580863316
"2026-06-04",0.024452005006789308,0.02446895879993764,5368,196234.11589033552
"2026-06-05",0.022033599634639994,0.022016625488780823,4386,119726.35936658877
"2026-06-06",0.02047975748981335,0.020515641447310405,3850,103493.70321372569
"2026-06-07",0.021700291006727462,0.02165327627250249,3143,85189.30153808149
"2026-06-08",0.022054341394972,0.02208102647813158,2075,44596.08552044115
"2026-06-09",0.02160421558472398,0.02166612335507528,2277,50986.31803887092
"2026-06-10",0.021189881099894815,0.02124808637650229,2311,64999.55409064454
"2026-06-11",0.02194700347762909,0.0218968049850515,4467,57118.25076907972
"2026-06-12",0.023026758524644517,0.022890195665909066,4248,121167.07118748565
"2026-06-13",0.024371691047152363,0.024360631211264548,4900,150009.7586153973
"2026-06-14",0.023572960160592512,0.023581852379241305,2445,70088.28235207881
"2026-06-15",0.024422116600274702,0.024392447635155558,2518,62692.99804318711
"2026-06-16",0.023096065084544714,0.023081641994694112,2988,62527.63377524394
"2026-06-17",0.023384242733252406,0.02333399294377583,3319,80170.74083338332
"2026-06-18",0.02193363125471005,0.022283000090134474,2095,61605.41443214059
"2026-06-19",0.022559769670237134,0.022629132587683797,3075,82233.78988352773
"2026-06-20",0.022636506973832203,0.022557338874548933,3117,85657.75334247644
"2026-06-21",0.023561180410998684,0.02376838440688232,3976,105035.32340911904
"2026-06-22",0.023083273487934437,0.023387008293722297,2182,50554.185860074314
"2026-06-23",0.021494117292085623,0.021750567828487426,1984,50414.48183960468
"2026-06-24",0.020741740571087363,0.02075848783344439,1621,31148.01479427286
"2026-06-25",0.019960133901962464,0.020281458253996916,1629,38078.20866550203
"2026-06-26",0.01974745054283655,0.019747495766366824,1353,24528.66532166486
"2026-06-27",0.019069418706980604,0.01903206050685514,2454,55121.63365606264
"2026-06-28",0.019184914722854655,0.019103191839268577,3300,67487.39404843748
"2026-06-29",0.01891443464140691,0.01891896903883717,1586,28684.93116841513
"2026-06-30",0.01838436778252762,0.018401864209205702,1089,19215.928002007702
"2026-07-01",0.018597382245822535,0.01861024593113592,1838,28119.283878786024
"2026-07-02",0.019333787900828174,0.01913026485815342,1861,64824.92129207156
"2026-07-03",0.01966938751428465,0.019700992571230546,1506,34465.74108539855
"2026-07-04",0.019970780554845226,0.01995909501984982,1221,25188.93689000138
"2026-07-05",0.02017942658598406,0.020142272739495266,2523,54516.77603171342
"2026-07-06",0.01970591242493028,0.019701862340474066,1776,34192.764861016396
"2026-07-07",0.019054243772451653,0.019163584577016807,1503,28588.858298272145
"2026-07-08",0.018453226460280418,0.01838464847070645,1642,32917.20667852259
"2026-07-09",0.01913703600722841,0.01923436944059843,2194,47805.121735560526
"2026-07-10",0.019220356190943172,0.019312967946735385,2933,66255.32698358006
"2026-07-11",0.020120016237349853,0.020037005226935693,3301,62501.93605861945
"2026-07-12",0.019149263072419268,0.019220358309402726,1141,18112.378679541383
"2026-07-13",0.01869780531425056,0.01873122469832624,1279,26126.289535629337
"2026-07-14",0.018766260289401867,0.018796556288076763,1121,22131.99326597756
"2026-07-15",0.01913567089121738,0.019065316491048024,1599,39559.36312580143
"2026-07-16",0.01886533425134004,0.018874722109917332,1253,27732.777868145018
"2026-07-17",0.018627070557919376,0.018626941916710257,1182,20920.760618255255
"2026-07-18",0.018433379985021304,0.018392992571695986,798,20350.68292808297
"2026-07-19",0.01810749313991962,0.018195295389247645,630,10761.688347921114
"2026-07-20",0.01863498645088408,0.018602236724697106,1805,36271.33044689771
"2026-07-21",0.018814229841897914,0.018747963011610438,205,2340.776015382738
