owner,balance,day
0x9ab9ced0a8963b45ad10076566f237cee1cf1e47,9225339.51,2026-08-03
0x69ce750905025684818855e54bfaf3022512b0e3,1685539.38,2026-08-03
0xe96a4e9ea3a2c6db214174738a19eb7dbb8a3069,766084.46,2026-08-03
0x66e4e30cf1eb6155c1bf0422879a470e582f3a50,466113.49,2026-08-03
0xe0f693f4dc486fbe734e3afff5fe03fba08a64f3,461642.00,2026-08-03
0x037818b04ac34ea8b54b6683b79ef24d23c0e7cb,396054.51,2026-08-03
0xce37eb4275fa2ffaba1fe447da593dfd3ed8f17b,369093.41,2026-08-03
0x493210103ace77acd645dfb0c616d20cab83e947,334711.85,2026-08-03
0xd9cf0cb347646aaa92e1c2f9ec5a9e977f465635,287680.74,2026-08-03
0x20b95125f3c5e487c9cad47107431c2089355b17,273066.36,2026-08-03
0x2b3b161dbb848d671ca152cb5c2692c0eb7b62ec,264721.40,2026-08-03
0x53a32fb324701cc18b42c89c614bc6d835823032,264636.19,2026-08-03
0x1fcaca7addd04d577074ea4c144d73339a333d9d,250540.61,2026-08-03
0xedbf3aad0743b07e2ec7b34d6e809bfa7abf2ef5,241957.79,2026-08-03
0x4ba1e3e9280facbacafa7baf4ae0b78bea60beca,215618.13,2026-08-03
0x285e9d3f467a2308ea7f54d678296215b3050a5b,209789.52,2026-08-03
0xb1706ce631b54a5225f596af9c36c467e2e6c9d3,209715.27,2026-08-03
0x483b20d409620fc6f3c01a718317085363d9bf87,205413.49,2026-08-03
0x362356e57638d8d9a623693b141e7e7c9e5002a4,194970.90,2026-08-03
0xc7d1bf2c6977729872a0e1e23a0bcb608dcde47b,177585.80,2026-08-03
0x8a33c4eb24323f31e3979f1df4c5e29dd5f10054,172500.48,2026-08-03
0x076c5e04d553fffa8f388a547cecd5cc86f4da49,170000.00,2026-08-03
0xbf06fb9a3f76706be292fdb4c8d8ed3c8c6ae0bf,169829.75,2026-08-03
0x0481272c623510a3e4d638152f93b20d5e43b94f,157462.46,2026-08-03
0x6fb3fdd2691756fab05aa1fba99547b2da519715,157415.34,2026-08-03
0x106d425dde11ba8f84dd3824e014e9e1d81fd0c9,132789.53,2026-08-03
0xd037b8e1a676da6642aa2c3db1fb013dae2155e2,131458.65,2026-08-03
0x3518ea651187b79f9531f879495b10c11dd4744f,126297.86,2026-08-03
0x0239f60a1c4a9298c654cea0309aa36cbb2495cf,112844.39,2026-08-03
0x99f139ceff863cde6f33ef76b8dbe9f6d0c96782,112177.88,2026-08-03
0xa486a27b7834b15513278a9d4f93933a8af52880,106804.03,2026-08-03
0x4446adc0b8136ffc55ddb7a488ba5509ace2a5ef,104475.51,2026-08-03
0x6431ed4f254d35d58f74260d8fbe8decd4223071,102363.97,2026-08-03
0x416ec2ca21a38cbcfeacd6a14532b3f348356d23,99288.86,2026-08-03
0x01f81a050e0bf7a0e637b67701d385d8d37aa828,98347.57,2026-08-03
0xa24f717205ff334bd564a00524264db0e9ab1168,94943.58,2026-08-03
0xb7131fc8cdc43060a6210257f537dba5fcae6aed,94072.15,2026-08-03
0x8dcbd7bdc9b893efe3e6687f643e536d3d32581e,91568.41,2026-08-03
0x3c4205b8df66e21dfb6ff51f9ddfeaacba422cfe,91034.52,2026-08-03
0x018f3bb55b9934af33f6107a55cc8fa2207ea1d0,90000.00,2026-08-03
0xb9a450426388561f5290c60e7794dc0fadb2d13e,85774.75,2026-08-03
0x6e7307b4a21dc776320fed3c76329ae657ec847b,84329.70,2026-08-03
0xba9c54b1aa4058fdc38c3f4f7ce150e058d319ba,82659.13,2026-08-03
0xa2b16ec88c0ea6825aaa6ea7b0fb0bc2dcbaf0f0,82143.19,2026-08-03
0x3e720f0c96f9e06134073c8a5675055f493876d4,80404.98,2026-08-03
0xdfe326c3aab4f525e1eabeb5b5cc725ddc9941ef,80275.02,2026-08-03
0xa836296820f89662f5487474000d4050265373e3,80133.05,2026-08-03
0x83190636c344cf1220ffcbfc0c1198f7867b3667,77697.91,2026-08-03
0x235fa68a2ecff3b8e3060f28179fb48a441f10b0,76647.68,2026-08-03
0xed75be9efc3ee9b1f32bc8f34982651f5ae58c4a,76606.57,2026-08-03
0x6d3b2f03184e73e94d6253a956d6d10eaa1d09dd,76363.15,2026-08-03
0x6eb141e5605e6c7e9efc498b6e6a8c3f57ce8d43,75524.94,2026-08-03
0x5a169ab9685ed24ad57fb5090a366ad1ddb3aaa5,75141.71,2026-08-03
0x31212f968080d7eba3b654ce9e6fa0f404251064,75094.70,2026-08-03
0x7dd225801e1b57fa94dd9314af0dd9b3944775a5,75019.49,2026-08-03
0x204078cfb9e42659877cac5b0772f74644786f89,72637.07,2026-08-03
0x8cd583a3b36ee6aee02f72e9223c779a9a73fb26,72311.16,2026-08-03
0xb2ec92678eaa141c7ccc966a904ba57a54c9e12d,71480.78,2026-08-03
0x1cc51a632133c8e15295214cebc2aba2621015c1,69158.09,2026-08-03
0xfb3310ad84fae19df4d3e0854903ed30d7267a1d,65075.76,2026-08-03
0xc8f12f46952a2f3e77b1e2de58082b231582eb39,64791.59,2026-08-03
0xa6d44d25f22115e7b88646c5acaf0370753eb1e9,64577.36,2026-08-03
0x140f9f6f139d7b158342f6c711fc2fc4d9802781,60146.71,2026-08-03
0x8cc1665ee965345e79b132adb124782bad8c78e0,58896.60,2026-08-03
0x73a1bb338613291ac6530870fe2c5d354bfec17e,57415.79,2026-08-03
0xe8270e58c8f4dc383e3b560268b8a9a396e27a5e,56835.54,2026-08-03
0xeedb1f57ee95bd9845e7bcd9c6b14c61f8eaba10,55862.09,2026-08-03
0xb1a86d28f3d48afcaed14bff189dd5f5fcc6f9ac,55455.04,2026-08-03
0x110178dbac958fe1cbf70dfc08a773f2136a962d,53500.00,2026-08-03
0xe44a08c0912c1a20eaa35bc113ef99a9e996c9fb,52768.10,2026-08-03
0xb5d3a71d74ca297d083d1395f6a5823eca6a1bfb,52059.22,2026-08-03
0xdacadddf821ce45523d0ca0ef14623894044647f,51344.31,2026-08-03
0xdc2d1ebaf4b0242b1a54e3ae7853f37d3775062a,50451.00,2026-08-03
0x19d13109deac5f3a997347da6d5e3e436de04a46,50039.27,2026-08-03
0xe419ce5034b7dbb778f623330b1e9ea2e541d5ae,50002.01,2026-08-03
0x31a1e0cf9cbc98dbf996f9d2ee9fd31d5005206a,50000.00,2026-08-03
0xd92c7e0fe4ffbf450b1150eed3c6a279428813af,49942.75,2026-08-03
0x4afe513fb3e7747da2a415ab3f8d9327fdea6e09,48080.67,2026-08-03
0x61ba84129a91d7ed413daafdc2bd2e3d94590bad,47309.21,2026-08-03
0xe25a43f940eaf17bc46666d8527af3fd37e27dec,46231.30,2026-08-03
0xe17ec0a29af532790933cf9642c5e7271b9b3de0,45706.64,2026-08-03
0x29227973b8f25615c3b77596de43a429c169f4b4,45625.20,2026-08-03
0xce1bb4e7295350160714c7c9eb822233476cb5e4,45300.92,2026-08-03
0x545acad5506cfc873649f30c80cad12e96cd2d81,45250.65,2026-08-03
0xa5a6438fed32e969bd4980e34616ac289c740728,45105.53,2026-08-03
0x73242b44550d3cd86398d89e24b576103ae80a4e,44720.32,2026-08-03
0x0a58f13dcdf4aa0797add324498eadb9905493e6,43688.67,2026-08-03
0xb84848ce4a46a44f06864b5decc2fe07b842cf30,43587.77,2026-08-03
0xf6e0b11f4fcbce85504fd04dd9adc6a8a02ad90d,43525.14,2026-08-03
0xbac2e9bcc63356a2bbd019f1c71ef6f2a03ba325,43374.62,2026-08-03
0xf613466126a3fba202e9dde60a0f4472ac0637ad,43145.35,2026-08-03
0x812eccd97727db8180a6191eaa59a88d8959f344,43000.00,2026-08-03
0x5a6afb3fc46591a13170a5f60b85886bc58b09e3,41919.34,2026-08-03
0xbeedaf337ecfbd61c09ade102f1cad3c97eb2e65,41894.34,2026-08-03
0x67065f7609036d1449c538f4ecd9f0b08c1e88af,40583.55,2026-08-03
0x24bde56912336a816246694c342e5161433927b5,40345.64,2026-08-03
0x65e9cc83c2de88214bbeaaaab6e6c1c5a6f48f49,40013.06,2026-08-03
0x69c58e5507ec5cbd1ddf784edf3b10da12b543e5,40000.36,2026-08-03
0x766fd8894c0f4444961acda0255dca89d7ef1071,40000.00,2026-08-03
0xa0864905dfd72a41404353621e5d8581bd7724a5,39860.56,2026-08-03
0x046506c4af7b102b205038c712ffa28cadb7d64d,39797.23,2026-08-03
0xe97392dfa4c71c9b0dceb19c6a476835fda56397,39535.58,2026-08-03
0x5bb24f24c2453f3c2f90d0676cf3512754bd4ef8,38427.93,2026-08-03
0x1f268737b41c05e56505fdf01e8d199e0e06a7f7,38360.21,2026-08-03
0x237cb406e3c040698bb29733990cc0c0bf5a4965,38211.53,2026-08-03
0x76c6697b7e673583ceaf8e8ab61622fea701fdf1,37486.74,2026-08-03
0x39f44f152b989575f31366ad60c31bfe96f1bef5,37247.66,2026-08-03
0x003930a336746ea46e4ef53af38597009eec9a92,36950.21,2026-08-03
0xddcd64d86b313fc7c5d556f83b7539c23b6b8770,36248.25,2026-08-03
0x5d24f90c760767df25423437a1dbb756d838edc0,35604.37,2026-08-03
0x4bd7f63aeadd763308bd83bbfdc141319bea419a,35441.93,2026-08-03
0x9547e45b380385a8c6754953334832da3867fda8,34385.30,2026-08-03
0x36f26e2e5bed062968c17fc770863fd740713205,34285.66,2026-08-03
0x8ca5df0fdcc6d72055facb4c3eb089cbbe273be5,34254.11,2026-08-03
0xf865067a5b9672f11af8514440d9111afd05d040,34076.01,2026-08-03
0xd81043ef35f0bd7a8ac0276db5f16d9eec83b495,33687.44,2026-08-03
0xb21d813084e2e455e10198182698b8e23389ae79,33679.59,2026-08-03
0x53e2d4e74d5d7fcca7cac6909b5ff9d6d9626382,33443.59,2026-08-03
0xb070ef9bc83441673f965a5fbb4f0e6108051449,33408.72,2026-08-03
0x23fe1711cc6ce72e5d8f05cc21b844ee0918dffa,32839.33,2026-08-03
0x834c4202969871e2d3e596e07e314320463506dd,32676.00,2026-08-03
0x23dcac0c510829f4a918d279ba23edb5d8221534,32535.80,2026-08-03
0x9c0f9ff045647f2e001d153597e229cb41275a8b,32482.10,2026-08-03
0x216902b0d12e37c1e0a6470f95daa24950bd2cb7,32095.36,2026-08-03
0x20eebf3e7775ce5a98c991362a6d75c1d53d3b73,31993.95,2026-08-03
0x58524c6206382d8ee1a85b7b611bd9a10ab9e743,31947.21,2026-08-03
0x7a85cc1c0b75045bf8be3616089e7a7402fc7cbb,31939.65,2026-08-03
0x38d26dc470dd56237279bf54c1cb629de2858917,31905.36,2026-08-03
0xa4aa0d7baf522c4df22138e73428cdb9392f7126,31639.34,2026-08-03
0xee04608b7fc2d95508209523e2121298b5895d87,31582.36,2026-08-03
0xe303d0124b0072291d36bc4a98da467eb06b4cc9,31550.47,2026-08-03
0xc0443b456d36c268aabe709e66fafe46ad4707f1,31092.09,2026-08-03
0x0fe8c7ecc105a53a55113157022f74be5f4b1560,30890.13,2026-08-03
0xd01db2126f53784469efcc8c3eb0f5a19b4a4b4f,30642.30,2026-08-03
0x146e5f56eaa98e45e51763fe3f3f935c5e2157df,30109.41,2026-08-03
0x98ad6e110974bc49838def0556268be0061564f8,30092.35,2026-08-03
0x60653744493d53d25b9f59d0a07d2256196ed8c8,30087.86,2026-08-03
0x81e0bab5ecd8ed6fd7092346c4d935b903cd8c02,30000.08,2026-08-03
0x208ec19e9c133f05286c0819ab74ddcbd2e5de41,29978.55,2026-08-03
0x8b3a2cce6e6a4e3c43c7355dba75f07f0b6d3ff5,29938.53,2026-08-03
0xb21676d7c304f2dbf93c6166a95e74c40f282381,29420.06,2026-08-03
0x858f5cdf165c455535ee259f2b539a0bda7a3598,29047.29,2026-08-03
0x43f778201c898eb332ab1af9ddcb4bdaa7ef8d2a,28945.23,2026-08-03
0xc456de606c632424c6edd399ce7f6bdde5c7a1f7,28938.60,2026-08-03
0xf39ecc5224e7ca48a903b6e017008a8305b10b11,28445.91,2026-08-03
0xc7b461f5ad6ee770650d9b7b41e7424a245cf191,28118.28,2026-08-03
0xe1152aae273d457a04829a44daefbbef7e9be498,28033.06,2026-08-03
0xbd2b9ea2b88ba267803654b69061d976c917925e,27536.73,2026-08-03
0xab57cacea9cd5cc1fb21d026ecde71e0d4f33861,27298.88,2026-08-03
0x6f8475076541712299b70d3a329603dde71bc4c1,27296.89,2026-08-03
0xb3a73e959340c50b0e857074da920075610f4ed8,26891.46,2026-08-03
0x10ffd4436d7cd80a8784686bef9907304365917a,26850.16,2026-08-03
0xf3bf7637c301972a41584ac820cd8ab673363e4b,26430.50,2026-08-03
0xf5badc784655140ec53aa7c569793f68e57a8cb7,26411.46,2026-08-03
0x1603bbb8dce3cc22f79d515047097efd3abfb4fd,26306.18,2026-08-03
0xb679094ea73f00fae979057aa83a8001e8e4547e,25790.52,2026-08-03
0xca1f7a1664fc781bec04ca5ab6b98c0e0d380b55,25776.82,2026-08-03
0xbda55adcae9b722fc9b7b639effe97c36a8849c4,25346.53,2026-08-03
0xd04f015a9b2a005c35653bc6eb73ff0d9420f7ac,25000.00,2026-08-03
0xc63a65d982b9c0f58d9f0ed6deafd1f3e09456ae,24942.05,2026-08-03
0x33453f11fa14589d37e91945b60f8f2729c6042b,24416.07,2026-08-03
0x01e7bd0acf739a28e2e6c2798572532f3832004f,24240.81,2026-08-03
0xda29f4285393080464ba2e5f9891f9686d233d1f,24205.11,2026-08-03
0x1f59c1d007e0c79772561f55aac87f096bf1bd16,24000.00,2026-08-03
0x11c5bc6d6543cba0d71e4bc9b94ee9067f9ef103,24000.00,2026-08-03
0xbbcc89c549373439c870cd9ccc9e7eaecbcdd0db,23810.13,2026-08-03
0xbfd96eec5f8517ca6293630b947462bf7b1e8026,23698.62,2026-08-03
0xd4e0834a547574b21ad61607757c22c9271c2b5d,23628.13,2026-08-03
0xce9a6fd19420b277e5ce1ec3e93a75e8df2c806c,23602.87,2026-08-03
0xd9bfb980ad5b18056f98ccf9e60fb2caabf70a4e,23585.33,2026-08-03
0xe91f0085f5c3e67c8ebd5c8f6e7f4d884452dbaa,23543.56,2026-08-03
0xf488f77047ab6cea7af5693b59973fcce3b10353,23382.08,2026-08-03
0xbfc775128803cac6d00e2b7d1fb0d560c657896c,23295.30,2026-08-03
0x00a09c2a26f5c0c2b4d744a1f7beec7e1bbd12c8,23159.07,2026-08-03
0xad9a913daad4ca39e795300585c7e9fc4ef6cb42,23032.30,2026-08-03
0x51445505b78c477a44e54a4805aa832dcabc7125,22923.73,2026-08-03
0x9aa84fe7bbb310c2e9e0f25a0801747c5831b279,22849.25,2026-08-03
0x79006c04d858cd9b8f0e1b7a1a888ebf09b839f1,22095.58,2026-08-03
0xbdfd5bd99323f75116792a3d20970414e77f24bc,21935.55,2026-08-03
0xbde31e64784178674bd1b45f35e1e27d653f11f2,21875.21,2026-08-03
0x30fa353d9e529c73ec1061861aa215c0647b83e2,21869.05,2026-08-03
0x1e64b5c5bed68255b2df9d6dae66c81feff339fa,21676.89,2026-08-03
0xcf285345d6264eff156286561336987c7ddc824a,21619.48,2026-08-03
0xe29d948ddee219b16150733a619262a2829c76b3,21611.86,2026-08-03
0x6457d30faa026beec95bf775993528e97b5c79a4,21602.64,2026-08-03
0xb30cf823a6224b254c894d48b4014cf383989329,21596.92,2026-08-03
0x1c234172b844e46ba8bf4905f24f4f76190880bf,21494.91,2026-08-03
0x26141ffd62b3721ba1ae6bf1159a560d53ffc882,20799.38,2026-08-03
0x6e5f127ea0631370ae2624eb40a3d749791d1d61,20740.67,2026-08-03
0xa96efdb6ef3497ef6605bbbd2ba93ae9c24195f9,20528.11,2026-08-03
0xae69dac9e28bdf65480e0d88a4c46d1c702fa506,20423.20,2026-08-03
0x6790689af95868efe55befbcb91f8d6047f60fcd,20364.94,2026-08-03
0x20b60168915c9fb06de94e0c0701dab3af471018,20352.99,2026-08-03
0x767147b1685148160962d95c0d045a54158953fb,20327.13,2026-08-03
0x5bc39601a635ea0d3ed098a027edd14aa43f06bd,20232.51,2026-08-03
0xc71b2c6b22b64c281555de040b6079e6322913d3,20093.64,2026-08-03
0x0f8ef719bdb94640f095b692a222b44766200f84,20019.15,2026-08-03
0x3bba1fdc02307d3ced543cd33ed2a4c7d92b97b4,20004.42,2026-08-03
0x78b7de32028d6b352866c503ea7e44725c2173b6,19935.22,2026-08-03
0x12eb6a8a37916c19510be72c98c166aedc00864b,19847.18,2026-08-03
0x62bb2d84e5b4f6d9ec1375dc4610c2a406dd3192,19784.45,2026-08-03
0xbaa972780cc26a0a49e0c4197a3230ae25b7c242,19774.14,2026-08-03
0x4fdd42863a1b391b71a10afa0249aedcdbe45360,19719.20,2026-08-03
0x0e411e43abc792ecb368d148a7d4851acd6e2ed3,19428.87,2026-08-03
0x1769800f5411fc1e7da8a169b1c023ba93efe3aa,19376.05,2026-08-03
0x068ddb7077d1d93a3946690bc981a2d496ca7e06,19350.04,2026-08-03
0x8f2a85f99bd3a80ed2c3178da03db704a655c26a,19292.13,2026-08-03
0x140d0375c0f73906a1de651b8b02997966398649,19116.88,2026-08-03
0x8ebe3c62e9511d7da6870f6abc945040a8accf39,18997.52,2026-08-03
0x992db0f1d5b8119038f6664c6aa8f72b7fe05681,18997.28,2026-08-03
0x9169a424c8bfaeaf871e404ec90c5016d489dd32,18888.74,2026-08-03
0xcd14819ce87f3468409433026d2a8ce40849a666,18875.25,2026-08-03
0x94afe3614e327ce5eb51f348ed709c78d40ea40b,18755.04,2026-08-03
0x94e59ec25d3ed62581435996c6e652d351b7e5fe,18554.28,2026-08-03
0xb8f203a52262359a57737ebba48723dfc56aeb23,18446.55,2026-08-03
0x14c07471ff5cd2df0b3886fb099faace2c9d1cb4,18436.21,2026-08-03
0xcb1b8499b538c5b212d04d0fd0655b1e5b1e319a,18121.07,2026-08-03
0xdfeb94caa1a6921b9eb1e3b7947e90bebe4bf205,18036.39,2026-08-03
0x122afec9c46758cbe3d496043c0f116a2f36ce64,17976.34,2026-08-03
0xb9602fe6a7861d223fe0ae5a2a2f470d66be0545,17959.85,2026-08-03
0xf267676fbcaa83571ad0d1fb1f7a2bbbbceaac6c,17813.46,2026-08-03
0x6d2279cf9cd1cf9ed2f7a21298c8627148ce8547,17776.31,2026-08-03
0xb48088372c6ef7cef564c0d216d6d10a3e030d59,17731.40,2026-08-03
0xf1a6bc38d930204b1d3c9506a42fa8c18a7e0edb,17367.89,2026-08-03
0x836cdeb9e6cc201c6941bf2814339ba5ca387158,17167.03,2026-08-03
0xda83ce87952fb34b44c4197e0e09e310870b080a,17159.58,2026-08-03
0xea02245a6080d592430680846a0633fc7542a215,17131.25,2026-08-03
0x2933d3b5d25435feb92e5778e49d3fd73db431da,17099.48,2026-08-03
0xd471cad5e01476d5a93f36e2022a2c2e735bf964,17075.36,2026-08-03
0x44caee03d9df68560ad1b0e0e68e1be7cbdf13e0,17032.09,2026-08-03
0x68fadaab552c34b001d1e42fb313f89f4288d972,17000.54,2026-08-03
0xf03db47d780ebb0572fcff8d0ce6ffe6aafa66da,16997.07,2026-08-03
0x547523e5f0e0c49f3167b63dd83d52cdc01a8291,16785.93,2026-08-03
0x1092528a587e1727197ac9871d7bea55d51b3641,16759.19,2026-08-03
0x382ffce2287252f930e1c8dc9328dac5bf282ba1,16743.04,2026-08-03
0x0011e795cd32a76b6c45ae69150005e1f9877cdd,16684.16,2026-08-03
0x697af44ec953308eba21d576d2a7f37a529b93cc,16665.92,2026-08-03
0x9a42321394db2520f166d1d12c47d54de39ed2b0,16591.19,2026-08-03
0xc8cbcd30cbb0dff4813e41538664523be1aee510,16566.48,2026-08-03
0xba4b72db053f4d7f682389660c9c05363c18b7cc,16503.73,2026-08-03
0xa84a6da3fc1c643080ddf5e9dd518d84be3c654c,16475.14,2026-08-03
0x91bda93e07143cbce8993b0361f01e485a260017,16430.88,2026-08-03
0x80b470a0099322bf5ed01288e7c37ad63ab925fd,16287.28,2026-08-03
0xd5d94526b3b3d826d303b6d13d0cc2dcb26dd66d,16276.29,2026-08-03
0x5ffd5cec88490d984d3f83496592b65c1225871c,16215.24,2026-08-03
0x6d001c737d9e27cc017b734b490ee2620470cea7,16172.69,2026-08-03
0xfdc6d066fd60e95be1d340b154614149394140b7,16101.92,2026-08-03
0x608e3dc464b9f8d3250a8b85c01e323459178362,16081.52,2026-08-03
0x5db293c287d9e874be681c3f2e168c0bfae29f74,16052.96,2026-08-03
0x848aab061064f726b69148f3285c11288e800835,16002.38,2026-08-03
0x052107c8530089ee130f8eb9113c0bc7b1f71a5e,15942.96,2026-08-03
0xfe036496e7d542f5bf6fe79c7d329bcb12b2a237,15828.13,2026-08-03
0xd95628a2183e2c70252aac71f8cc09e941ec7c7d,15748.80,2026-08-03
0xc8e3f4356b7b3c64be7d0f761b1edb64cde1c55b,15682.81,2026-08-03
0x56eed42cc77fb47fd5df0fc91ea10d2031365d3f,15674.25,2026-08-03
0x283685478dacdf739e9dba8e16236bc4dead8233,15664.48,2026-08-03
0x157461c5aeb97a34e41c9ef6d7b9067801f8ec72,15639.34,2026-08-03
0xc364fc31e20cfa85d4d5e43736768a2309036197,15600.97,2026-08-03
0xb715ca9ad95d9fedcacfdfc0c73a017b9f79127e,15478.21,2026-08-03
0x44b59863d23d5ee05156eb537b061f7f26b26fb8,15396.07,2026-08-03
0x39d12116298f3b2b55e53e7b99c0bf47041761df,15358.49,2026-08-03
0x3bf1c1c2e40cdec51940890ee14cb5d1f8a0fde0,15250.54,2026-08-03
0x8d56f473c7bed94ac97a754d3d1358e60ae03536,15153.66,2026-08-03
0x97b207f700be748699a7c805312d96c5631e4115,15146.18,2026-08-03
0x3b709d4cd9dab2c93e29cd4b3157e2221cd50ff4,15133.44,2026-08-03
0xd0c6dec53448030c5155c2d589cb8a42e556ccc9,15034.06,2026-08-03
0xfb4d0baa291fcb8510b6062cb710f4253a9bcb29,15026.00,2026-08-03
0x38f1d1a87ce6d32dea7909e9a46fde27225cd639,15022.51,2026-08-03
0x5f5efea80f80d1a575110343b305456e1dc884f0,14846.79,2026-08-03
0x593c0253b02a2f30dd8c2a11dd311ff5ec1f1156,14641.50,2026-08-03
0x4968db55c6b1ae91986a52a07860953ec3321689,14571.18,2026-08-03
0xb09ab9b5082c1b2ecd4f5d89827fd3a83b0a0693,14472.05,2026-08-03
0xc7374d251ca01b733b2e14c9efa35dd9926a7417,14414.88,2026-08-03
0xc10fff500c283316871a1ce3b805330cb2b6adcb,14274.09,2026-08-03
0x1e321c1459bf2a74a5016636641a2c7cf1bff1f0,14261.03,2026-08-03
0x0e74655c4063706f8d6170472c09280f448389bf,14086.98,2026-08-03
0x5529e0608cfc0cab5bb86b59cba7e88f0f66dfef,14050.26,2026-08-03
0xb5f7aec98686cf4661bf109d48090513938cde5f,14000.65,2026-08-03
0x28895fa56f03edf1566876567c6c729f35ee94cd,13911.50,2026-08-03
0x19000fc4416ef4433943f9d6117de9beaacecf5a,13837.32,2026-08-03
0xb7b0555e1985ccf5fe644ba1695453ca30544b01,13829.70,2026-08-03
0xbab8216d7ebf4d3d15c3e727d11dbec71e727292,13764.72,2026-08-03
0x280e183f8a9bb8a111d627eff82e523fe1417a6f,13747.50,2026-08-03
0x25db6b7dc04b7da5a0b975fc95c4a92f15ded7fa,13720.26,2026-08-03
0x2c50c6eeb6d3b195393470ec0f66ea25d224527e,13684.08,2026-08-03
0x0a3c4d82eae13bdabca76adc881867a620bc1960,13626.45,2026-08-03
0xa8a14ce28771ff0e750caa2685d9da636d4808c6,13451.97,2026-08-03
0xb3c249408b56154c4a7f22a5d32830d7f9c4b561,13309.54,2026-08-03
0xaa186dce52213efa7f8879f014779cc8f8cf2394,13307.59,2026-08-03
0xd3b3766399898e4efb0fb9905ffe76a90bf1adc4,13256.61,2026-08-03
0xcf4547b6a5f99d2340208a5f65a8346ff8983c77,13230.40,2026-08-03
0xd75de8643d57e5337f343e7a0bdaf9d46fbf4aa7,13152.42,2026-08-03
0x3c5ca06eca60e25fdff15d02c89939167b75b478,13141.07,2026-08-03
0xfae3f63f7d1348b64937357f90d3a522426db58d,13040.84,2026-08-03
0x5a9ae35660fed77559135c2490643d0067455e3f,13032.89,2026-08-03
0x37a659fb930bda6d10a4634df2394433518b2355,13018.21,2026-08-03
0x69e9d882f5f6a6e44fb6c76e67dd4d4e6aa15c9c,12968.18,2026-08-03
0x241486db9bdeeef552fed24a280d25270f6faa1e,12968.18,2026-08-03
0xd7427de1c6a54c41ac4e14aac607d86f2da34b77,12893.18,2026-08-03
0xdefdbff5ee236f59f1b2264ced82ae1697ad1e7e,12865.55,2026-08-03
0x56082d2fe8db14473e6dcb050cec3ee6640308af,12843.83,2026-08-03
0x6afba8e43330f26e46da3af08856438baf16cf11,12823.77,2026-08-03
0x551417160a96b4db678eb69c2610a7a36a16ab53,12725.60,2026-08-03
0x46558d6c97c3b03cdfa94b6011a8832d4c887386,12705.66,2026-08-03
0xab548f756bc06637fcb88aaf5f6b393848bed603,12687.40,2026-08-03
0xd00852c33c814b49803dff99219a5d8ce37614cb,12655.49,2026-08-03
0x26361649ae46666e07be20054dea63fe612394e9,12622.58,2026-08-03
0x048295811e47581f3e071ecca2be6ea6961d5968,12524.28,2026-08-03
0x74097a9cacbeeb7c4cacb4efc8497fc005c326ad,12500.02,2026-08-03
0x05453676e8525e4f206950b5e1c6fd380a068ee7,12491.33,2026-08-03
0x717f819d28168bd3691fe98bbffa99697328fe8a,12423.65,2026-08-03
0xc17be43bd2f7d58734148774c4225c85b6156fb4,12406.19,2026-08-03
0x6ba0137df2aeb1e9cd8c4881847c7bddb2540d1f,12335.65,2026-08-03
0xe68de7f38bb376cb159918a520c20c6c1be381fb,12293.39,2026-08-03
0x0ea8b20b846939a27caee4aececba4ed4b6a901b,12237.15,2026-08-03
0x04274336fd40361b347ade8f2f78425ba0911cb5,12195.56,2026-08-03
0xc41237eefe96731bdf7e408963ca3ef5edabe60f,12177.27,2026-08-03
0xe3b935fbb8fdb4f9c623467d5e2253f3d5847d5a,12153.97,2026-08-03
0xc3c2f5fe0b56581dc55592a86893088f7e205f64,12146.90,2026-08-03
0xd516644ebff889796c0061af1533d0f8349204a2,12104.05,2026-08-03
0x5ce43122f6a857b3030dd79e000d0bc1b529e06b,12000.71,2026-08-03
0x7011416620ce77bca9e500f106e36ede7a3d329c,11971.54,2026-08-03
0xca6e21a0fc914931b0598a1193325d1785dc4f93,11933.34,2026-08-03
0xe7bb5558e664c6e820531b9b3524dad76d5141b4,11886.67,2026-08-03
0x37b6e1b3b940944c99d8aeb8c3cd8b8ae02b62b8,11810.14,2026-08-03
0xa183e77675e5556755c258b991ca18cd1c1f64a3,11799.65,2026-08-03
0x93b85bdb884ca12a45d998645c235945a1d71b26,11799.56,2026-08-03
0xf6c8acb6baf0bbc11c5488c976be11aca3775547,11767.81,2026-08-03
0xc087fac5c74862a5deb2056d0bd94759e2e03dae,11745.37,2026-08-03
0xbfc4fbbec37c291aed1d14f02b5221d0be0fe8f1,11736.54,2026-08-03
0x8611854a68303e0679330dcee8efbb815ad27bb9,11703.25,2026-08-03
0xbb7e9387e6770f8e08a4237dcab54c9f5e7d5886,11702.93,2026-08-03
0xb7db55e85e9ab2b800a52c936ce4ab33adb5fe6b,11662.52,2026-08-03
0xdda2824d2b38ecdaaaacfd5558cd9c321cb3e582,11617.20,2026-08-03
0x55bbacbe37d989c890e1b57588b5d72ab0da6b43,11600.00,2026-08-03
0x51e02b40d276d5db03c1d04974d9474c6f4db40b,11596.86,2026-08-03
0x17160d0b2eac2cd75c74e1f13678fd3171580afd,11577.92,2026-08-03
0xc341e7a21705d2a49e143415b111bd071f90ea42,11565.05,2026-08-03
0xad004301d4bd22fc92d3581d62a03206388d57cd,11560.12,2026-08-03
0x5ac7e4f19c982d9845c007dbc0fcdb339c484528,11558.40,2026-08-03
0xb34def5b52fc3b6ef6431d8d683f6b9aea780134,11520.67,2026-08-03
0xcfdf601a2f344f0b1e8118cdf57c64d621b0b071,11518.41,2026-08-03
0xb100ac514e28b826878b064651b615248bb6d120,11512.81,2026-08-03
0xb7c26ae12b86683d0d5b56cf68827c69a6327688,11501.06,2026-08-03
0x4805678568bd217918d24d3704ee858390a8ddc4,11449.02,2026-08-03
0xe17787c27ceb963170688c914ba2b8327d08c606,11430.44,2026-08-03
0x1928dba6313718cffde6065a2dab6180a291b99a,11363.83,2026-08-03
0xc9a993417ae9f828ed20c21f0e4b944b032ca753,11359.15,2026-08-03
0xa456fb10469d5297670c8e6b44af09be75977fe4,11321.40,2026-08-03
0x2cdb5597a0c19a2a24beca4f6c451311a4cb94ca,11276.96,2026-08-03
0x30c34579c6acdda01f3e2b440bd3d9ed81e08c3d,11267.13,2026-08-03
0x38663946c77c609a2386c9b8f476c02c08d9a87c,11253.22,2026-08-03
0x4a47d5e8c24ccce9571c9e39d7f914d0f244ecb2,11238.75,2026-08-03
0xf0c4d7fcf99eb11ca073d49a0a9016c15afb5dda,11204.85,2026-08-03
0x6da56d1ca622d3d7a2468718b4c331703de7d042,11168.91,2026-08-03
0xa7ab3670bf79abfd9cc52f6e9760bc7e7675b6df,11104.72,2026-08-03
0x3e6c478070e38218080cad5c46ce4bc6572456e2,11100.00,2026-08-03
0xf4bd14a940d8c0c6f3ae59c6834407b174814d01,11099.72,2026-08-03
0x4145081ed6d66cd4133f403fee17625862ade34b,11094.73,2026-08-03
0x684dbd3c59a7d43a95f4ca57a4ad9c60e96521ad,10985.24,2026-08-03
0x6e9cca136cb4dad9131984c400babf56d224a9c7,10983.72,2026-08-03
0x61400b650fe9c4eaf268dae02962f3124692f22a,10931.37,2026-08-03
0x6a81d8d7c6af4e766d9d2e5208af87e92efa2a2d,10909.04,2026-08-03
0x4038eb2365ffe6abdd4677db99b9ba79bc7082ab,10891.96,2026-08-03
0x9ebf121218a2cf74b0719f691dfcc663ff0bc107,10844.00,2026-08-03
0x51099055e5c3c2fb6e8625fc158c078b74b852e7,10750.10,2026-08-03
0xd1433fa6f1054731f560e5ce719f5363abed5e66,10687.65,2026-08-03
0xee931f70b898a0e88c6393320f142e6a2f1c01c5,10680.43,2026-08-03
0x562ee1f0e8a803965fe8e5ec9e5b064660450204,10666.29,2026-08-03
0x0d335e9d2ddeab995ee33abe8c054e574c0e92f0,10645.27,2026-08-03
0x86459bdc9bbe26ede16959f56a8f4cdda5eddde7,10634.28,2026-08-03
0x27708cb085eb9e17118829b6b24798cdef8a9ef6,10600.06,2026-08-03
0x0000b9a5a8844bb8db0010ea859a2821ebac0000,10600.06,2026-08-03
0x685b86735e8eeda06b7e0408203a9a209126edfd,10594.64,2026-08-03
0x49b50d0b727a525b982c55f2ebfb49bbbd92427c,10477.13,2026-08-03
0x80edc85ae5a818b4e6ec4bbde39625f01535bfba,10474.38,2026-08-03
0x2586181d6544b49060d48f8c1322339ed2876f16,10458.30,2026-08-03
0xaa7d6d737506385fbf075c8b80efbaa15cd0c202,10453.37,2026-08-03
0xa3eb6ca65f5b26e10c9c57e15c808a2da2a8a600,10451.99,2026-08-03
0xdc88b7eb134a7c67a3ee6aaaaa5f67fcfef8bed5,10433.35,2026-08-03
0xc45e1eaec1d8354ec424196d993365e9558251e4,10428.80,2026-08-03
0x07d0c18016f8ebcb2b17cc53ca59066cd1e0cf22,10403.30,2026-08-03
0x5641d3507263ac60bf7c03b05784f5f3c8daed75,10332.33,2026-08-03
0xbc09581c4a8ac5303309c36c6f5e53b234467731,10294.63,2026-08-03
0x2e95c58b6b4d35a005513aa6d3ee5abef784a40f,10264.42,2026-08-03
0xb358429e52b72e731203639ea03b401d148ffaa0,10250.49,2026-08-03
0x53f843c546da92a14570b605a7edf5a695101064,10163.88,2026-08-03
0x97e9129ea6cd08df4ce1e842da478f9360387ad3,10149.55,2026-08-03
0x42fb290ed15ae153aa0c2701d20a862914011d39,10126.24,2026-08-03
0x615ccfb3f6f266352f3805237d1d45251fc31248,10106.25,2026-08-03
0x91e3174b681685d4a6c7ed005f963096f91ecf66,10085.81,2026-08-03
0xf4dcbc5e542d7e46ab1b77a3c78c8f6c5f9228d5,10077.99,2026-08-03
0x0b17a16668d237841685988cfa90ac59ce982c33,10060.99,2026-08-03
0xb524900a18a0db6a9d559905fa960cbe461b0adf,10058.42,2026-08-03
0x0c7a56d5766bc918641199b459e9588c088c2a24,10047.48,2026-08-03
0x0070575e5d9ea7ad8ddef8fa309940785fc0a9f8,10043.09,2026-08-03
0x0e6f2f2745891826d5fe3aff1bdecbcbf603454d,10031.51,2026-08-03
0x99cf79aeb6d081131b876aeeb1c1b0334beac452,10021.69,2026-08-03
0x047dd5f5e73a83e4dbd9d11673328c24ce22450f,10020.47,2026-08-03
0x571c88cccf6275f5f099ae9e34571b6e7341cd59,10011.88,2026-08-03
0x67711e0e2017fa5099feed44dd97794ffd5685b3,10011.48,2026-08-03
0x0c855ce3271b49031737216742b2b4ce59611df6,10000.35,2026-08-03
0xdbb3c3b20fda23915a1da5a7b93a2ebcf80eaac1,10000.27,2026-08-03
0xfe880306494507696e641605d2ec00aedb27068b,10000.19,2026-08-03
0x9abc25b915089719dd7fe946f16f66b40920a0d0,9997.92,2026-08-03
0xcb4da68ef2e0905ce4b19cab36b574373d5f8206,9973.35,2026-08-03
0x78072457eeacd6b89716afa3c2ffff96e64f556d,9953.21,2026-08-03
0xeacbe539a138c730582037804e9c7de824cb3969,9928.01,2026-08-03
0xae7b9dac16a11dbf55589cc0ce0c81db12b9bc9c,9908.96,2026-08-03
0xdeedcb654122bee46446c0d05e2406f21157f8a2,9890.50,2026-08-03
0xf97b7b06b66352f57884ce6b24b1cc7f00ac07a6,9856.36,2026-08-03
0x486808e601e0ba7f4554d517d9177d23862f0ceb,9803.82,2026-08-03
0x39951e7b2b90dd6f3d5e41d5d5c92f0dc7382f46,9762.11,2026-08-03
0x8dc2b0699c6fdc3e0ba19f003c04ef5a31cda6c6,9746.83,2026-08-03
0x64a7761a8385871bc1c8354c6d9c3919d34fadcd,9742.15,2026-08-03
0x5076f0e94d81cbef0572466a3d0943e5bc46e58a,9676.73,2026-08-03
0x6e3b5ec394a74bec88f0f1ad616fd13b1e017f64,9618.55,2026-08-03
0xb9d38f5354c6751f283619834c67e28232626bc5,9612.09,2026-08-03
0x75cc43257742a6710991780045df7700eab8c762,9606.15,2026-08-03
0x51d99742b91e54c3e6a8192ef03fbe845aa04f23,9600.07,2026-08-03
0x9fbd2ad691d7a8eae4cb5df7821b4f641395e007,9571.61,2026-08-03
0x4e1df4798c0f9d2309da351bc0bf1da5f082a297,9534.70,2026-08-03
0x76a623a165473d7811bcd249527cf0ede070beb3,9501.29,2026-08-03
0x6e44c5f7b008346179ff86ec9f9e02556dd37d5e,9475.00,2026-08-03
0xcc1fe5a34a1af8e4d5acdb8855b124ee2ba540a9,9450.70,2026-08-03
0x99126c8be2bc4219c483d456aa11b5e741a44c5f,9378.39,2026-08-03
0x0c876d89a27e2a0ae2c0c993e9e891f145e81fc7,9320.11,2026-08-03
0xd3d5e50113c8809f1a8afeefc5037ab3d5ab5b89,9258.37,2026-08-03
0xa45df57d4a1b2b76ebf6f56ea32b57b79b98ffd4,9258.37,2026-08-03
0x42082da1895328b56b2cb4f587ed6a97852d73fe,9258.37,2026-08-03
0x29a88a873e78bef614d765ddbfc5e938bbdea6cf,9258.37,2026-08-03
0x095165747fc1605cf0f0cf78dd7fc0077c5f88f5,9252.88,2026-08-03
0xfee0efc7f5b0bd45c5c00004d5c7cf148ea23565,9236.40,2026-08-03
0xfa4bd263a30ada75cfa6a8d21f6681f3317be95f,9202.87,2026-08-03
0x46dbf7f1139b844429f2ed58b4e658b4d55e7cad,9157.31,2026-08-03
0xfd402515105cf033e5f551071a09943a89cf8de2,9106.11,2026-08-03
0x2db38401b1a11dd04c8ae9f073dec6325a49b0b7,9069.86,2026-08-03
0xeea17838fb96396cc5846cc081993af106b08ca6,9069.04,2026-08-03
0xc27177555922f23f7801b01830fdcff2b64dc366,9062.75,2026-08-03
0x1572d2e05630f6e3656d602eda0802c5eefe3e5a,9037.05,2026-08-03
0xa76c0541482faccb03d980b011742d16ca90953b,9033.83,2026-08-03
0xf03f5a69c4da93bbcef9d773c0ef3df6234343f4,9030.68,2026-08-03
0xa0f9889bb4bcc00bc5eb9267d36b438c7b32963b,9025.72,2026-08-03
0x9fd42804ee165f591cf513e3d71ec7c5de091318,9010.05,2026-08-03
0x91e4ed16a6b55cf421c92fa9b5ae763a46edf8fd,9007.10,2026-08-03
0xc5fb62398e5d5a6f874369ae2175b576a90ea3cd,9000.00,2026-08-03
0x82bb3ac613bdeea7c66873828603bd27b1c4145d,8998.17,2026-08-03
0x089a8add9573aaad2d4ffdbf1c748ab050d5f180,8995.10,2026-08-03
0x55cb3f3a092f8831a38428087d324e6915464306,8990.86,2026-08-03
0x37a26261dcb57a4f864517640bebb53c56237c38,8976.52,2026-08-03
0x9b0bc7a5315d6a8bdbd5332b62fbcdce4b782c18,8960.74,2026-08-03
0x26728ca3a828fc8f2c730e190355675e2d4c6915,8898.81,2026-08-03
0xba75f30f2717bda34c2e75f5512379753d38085c,8895.92,2026-08-03
0x3fcc9c16365bd848889e4d30315de0e4287222cc,8895.92,2026-08-03
0x7e85227dbee299d268bdd9258e327b3fdcc0f246,8874.78,2026-08-03
0x247fbdff57fd66b89da561d6850efd3c8fbe0c94,8874.78,2026-08-03
0x09dd99ffcc2c8a139bb4aa18176b1776b300f17a,8874.78,2026-08-03
0x085001a0a8a08b3099f0a6fb9b43c4d85e15be20,8867.44,2026-08-03
0x73c3bfcabb7088be33092f7802af3a0503cbcac4,8831.34,2026-08-03
0x4f2a58c7291a3d40a956456d795fab1ef99bbb41,8830.20,2026-08-03
0x5d69f73d0ad2f9f22747594c3f24f741cba878fb,8828.08,2026-08-03
0x0358d8e372251106e4fc01b4f3712d9b27ff75de,8810.83,2026-08-03
0x14ea1790407c3c9e4deac50894cdcb259fb65664,8790.41,2026-08-03
0x496dafa4954f716d7e679d7fe73b815eb589f39f,8735.40,2026-08-03
0x863d39dd6216d695f3e9d0ba9e3b785a8152bc1e,8703.85,2026-08-03
0x409a15faf803493e2ec29aa5d5e266cec5b8f0d9,8698.74,2026-08-03
0xf5e04102f025111723d3ef8a207f7b3cd7f908bf,8695.49,2026-08-03
0x68b4417c42b8cb36b57082c360d6ed4788897ed1,8656.87,2026-08-03
0xb8775fae72303d118ea194d1e4d1edda293e403e,8652.58,2026-08-03
0x4d017fe9c461b018872ca07f8eaf0c3ab1433559,8645.93,2026-08-03
0x2a10c846d65c5831d0597dd1ee63de50492a46f4,8612.35,2026-08-03
0x25601b8bd1e8b2860d00d64ea700706df76a7147,8610.37,2026-08-03
0xd60c3317131934091b9d3759395d9e00660085ce,8589.49,2026-08-03
0x47f00af45c1d24bb5303a82a2f23d6d852cc8204,8563.84,2026-08-03
0xdf5969ed8162b177dc4572691f74d733e385decb,8556.66,2026-08-03
0x9a8cb8bfb104ac007be1a257bc6ef0c49da7d5fb,8515.96,2026-08-03
0x2946d11513915315c37f5d7ad44071f402edc5e1,8511.50,2026-08-03
0x68117f26a9af202a031c7c709dcea0e185bc7c1c,8509.13,2026-08-03
0x8dca8377d2daf19a1255aefab74eee560113340d,8506.47,2026-08-03
0xa107afd9dc00dd843a27ac77cfe79732d55345a1,8446.45,2026-08-03
0x66ac61c578bede1abfad9d1c49548be69754bfc1,8389.10,2026-08-03
0x000fb44b7546844090b084b719136d6c4b6ab38b,8389.10,2026-08-03
0x35d3aa020893e98f6227bdbd86407823aeda0ac8,8367.06,2026-08-03
0x498581ff718922c3f8e6a244956af099b2652b2b,8335.79,2026-08-03
0x51df7de22b09431566c971310c4059e7342b2354,8303.16,2026-08-03
0x146d641c5f0c7a13f5b6a941c41eec68079fbb84,8300.00,2026-08-03
0xcf65dce4f1e87cd1d9fdc1d4a4d367ac2d91ebe4,8294.90,2026-08-03
0x8eda90fdf5d9309068761a3777bbd4f51fc67a96,8293.95,2026-08-03
0x0b608d5a434c274438d59e99580a664e725b3a6f,8277.96,2026-08-03
0x5fda580764fc8af3da1d3ad3fa867070ceecee79,8255.14,2026-08-03
0xa5f5f5a67c3ab7da245a919e3f6b47d7d5ed89e1,8208.09,2026-08-03
0x6faa49f57dc4befcfd3797dae4b42f5ecc2dba5a,8207.59,2026-08-03
0xb5fc08a545461924a438aaeeb9db0c49568e6950,8207.39,2026-08-03
0xb1e1496dc61cf93509b0f31f04739927e3213586,8195.61,2026-08-03
0xecb4ad76c6d25d5217292c0fb37c346257c88af8,8190.78,2026-08-03
0xd4f39573d1b8ab95290a9c301753d2bb95fa9dde,8187.07,2026-08-03
0xb0087425d79f17fab2052b5e0002a5ea8037a225,8153.71,2026-08-03
0x9d886b7933f34776af81dc51b9427e64500c94cd,8150.09,2026-08-03
0xc377b77b44c02365e0de3317445f9aa80c30254c,8127.47,2026-08-03
0x821adfd340ced7da4d6334d32daf0ef9b432b667,8106.23,2026-08-03
0xf48f6e340856034e4ff68d091c5f698ec3d96def,8100.63,2026-08-03
0xd1a1f39eeaa34987547c345b22ccec960f232f6e,8054.86,2026-08-03
0xe965e8576f6a6d0a0fc16fcc0d5e2ce5349c24f1,8035.71,2026-08-03
0x7f06d98117df1eea84baef0b02948fc2ab70422c,8012.09,2026-08-03
0x174bc4901747e6e1a4f82a0d70b185216ede8026,8005.76,2026-08-03
0xe8a961c9fe908a722e73e64ed78df67d1f539a10,8000.00,2026-08-03
0xbae3d2d879c31e11ef601b3a92944d5c2fcf054f,7994.35,2026-08-03
0x1d6f6d3411d41662316a6edcc3f37e0a7661086e,7966.73,2026-08-03
0xd576839d64fc45962d216c95d6a325bc38fcf6b2,7957.24,2026-08-03
0x0cd0dbd9d24bf183fb4a7c0a26861998a89476ce,7950.30,2026-08-03
0x1ad70207784b6c58b2c4d3633f44203a86aa9de2,7950.14,2026-08-03
0x3ed5ea274187cd84b425b71040ead5237eedc876,7948.65,2026-08-03
0x39dcc222ba35943011e7a2535719a9fb9959c834,7921.79,2026-08-03
0xeaabce887d38ba18d4affc76a4614d3642f5e5fc,7912.00,2026-08-03
0x1b1335a956e6474f51c82181a99591f719779705,7873.06,2026-08-03
0x245f1309a66396a34ae8a75e820ca6b543bbebb1,7851.44,2026-08-03
0x76e8d0b32870612c0a48f808e3db539399fcd408,7847.92,2026-08-03
0x7da1d42dceffc313c65a5ad0946001069ab674f5,7845.11,2026-08-03
0x086d2470833620c0883f3c5c078f33b5c201870a,7843.04,2026-08-03
0x5eb62aa957f13f1c25f7cd871799744c779eef01,7838.13,2026-08-03
0xab393da1a4e27d8781a37fb1f4c38504bb5d9936,7831.34,2026-08-03
0x7ab2768082c3f291f1df1be990591410875c2a75,7821.18,2026-08-03
0x3c1d821fc5c929e3e6504c444ac525b7e1a2f9a7,7815.46,2026-08-03
0x189b5721e758c4dcd57f6af53518540821d694c0,7813.54,2026-08-03
0x48d18a882b0be145606a11fce6f8a301256b93fa,7808.07,2026-08-03
0xd5e7511007c2cdbcab47d8aa27814857e0deda5d,7792.35,2026-08-03
0x0ef9f0ac146d6dba8b85b017b2b0e8f012a89f62,7745.61,2026-08-03
0xb256be42a8319328838d32e756815aa74cdfa040,7741.06,2026-08-03
0x6fc5ba626cdca02bc792c6bd001eb5d4b98f2cee,7704.96,2026-08-03
0x2c4d7079edbccfd99321413772d7d50aeb13e948,7695.56,2026-08-03
0xd7e625457f525b4e47fbb2aa9d8065722fdd1052,7680.86,2026-08-03
0x88b8c8246c4d6c240168b12aede52ac935d45eef,7669.68,2026-08-03
0xdc0aa60ba6454cce19bb8803b4987b4630ca39de,7648.83,2026-08-03
0xa27cf14ddd3cd6fc1691300fc4864d5a61e099bf,7644.47,2026-08-03
0x5a370bbfca57fb1c6fe3536f173e6c66cf59b019,7637.29,2026-08-03
0x7c90eea231ed148727b49023e4645d7a7c9d1adf,7600.38,2026-08-03
0x1e2f11ad138198b41115f5ce7070d2e58765344a,7588.42,2026-08-03
0xa784987c3471e14c6fcce83a4d60cbce77ea04b1,7577.37,2026-08-03
0x56067e3a5cca56f9a9b45d9c9b5f0dc9e6e3b765,7571.58,2026-08-03
0xb2167e64521faddd8dc287b06837982f8ff19022,7571.50,2026-08-03
0xaa31be21fbc664d18558b95da6a3d20ecaf7bf00,7564.92,2026-08-03
0x54a9d1a4ef95acc9189237d3ebcd01561983c608,7545.92,2026-08-03
0x05bd1a1e41a1eac32e89c42b1a6e086f99ec72f1,7545.92,2026-08-03
0xf59f11cb207bd22178de0c940b4b7a915e7745f7,7536.88,2026-08-03
0x1d9726362d93dab93f99bc2cc78e0f8f0653c93d,7501.94,2026-08-03
0xa97e0ff36f6dd686e4ee00fd0c455b3f461b06d6,7495.39,2026-08-03
0x23749535c3ffedb99d8088907bb5ebb40f1d7b8e,7494.26,2026-08-03
0x5b49871247ce6149cd3bffe7e21ef205262b949d,7459.41,2026-08-03
0xd7dfd721433b895c496b42197472726b59ae7eee,7455.71,2026-08-03
0xe230828c87a6eb5c12af99222b94dcbf26058553,7421.47,2026-08-03
0x6a257237a8800faed664ccfe938519961c6cefff,7403.18,2026-08-03
0xbb2c939383b82dd6848283df4891132399185851,7401.10,2026-08-03
0xb27f0f534d52918b6abbb96c3d0268eaff374644,7401.10,2026-08-03
0x64dce142b1ff6a7020cbe9e81bde29c064493834,7399.23,2026-08-03
0x5897874af574d50ce88f9ca7d5a5b2f0e1dc9b20,7361.38,2026-08-03
0x3d5eb605c8758789b0b45b06949523821a9158e1,7352.40,2026-08-03
0xc216bfa5da000965e820845c32e6fd88db275743,7327.94,2026-08-03
0x96f7b3ee6d2595adc81f29b89f519cc81c6d394a,7322.34,2026-08-03
0x123ff7936869e9fa39f7e6acace6ded01e5cf6e0,7314.59,2026-08-03
0xf643dc0190de563b337c596619b317c347a5e57e,7306.45,2026-08-03
0xbf1091c3a986724325cce762af4e183d31d00577,7303.23,2026-08-03
0x0061210610aa6f05d621b94f1cc28f782c74005b,7302.32,2026-08-03
0xc0d92b0cf666a3db33702ef25df7dde1f1a8bfed,7272.84,2026-08-03
0x61bd347952e131f015ff99a9e37321c7794dc6e1,7255.86,2026-08-03
0xd60fed327189c23a5fae4be5357551dcf8791a36,7255.62,2026-08-03
0x3faade3807140f9bc688510014b7d5621b58c708,7253.80,2026-08-03
0x50c65b7e932b0eab064e05a419d982dedd1b2169,7224.98,2026-08-03
0xbe3b173c6ee409e37e2d479c935bb0babefe7e97,7215.51,2026-08-03
0x3ee275d2d33bb75a4f7da4ac78c0eaa7fb24396f,7202.56,2026-08-03
0x972723fabcff2c721c42d34cc92d243671c24ba0,7195.48,2026-08-03
0x5b3481c9dcd3e679e4eaf52addeeb3f7a0e3e57c,7178.06,2026-08-03
0x6e543aaaa68add676159646cca1fbb78ee44c399,7167.92,2026-08-03
0xf59aadfed398cb79a081c9d65b9dd96f26184c23,7167.04,2026-08-03
0x4fad29589f99a947826df955a0408e033e0ea5ec,7139.38,2026-08-03
0x1005118807e0502294bbaa21be8aa116a7264409,7132.46,2026-08-03
0x87b42b6598705ec2b57c4316ecf1f513b40dfe2e,7130.73,2026-08-03
0xaaffb1a28c2f8605cf39efe14ace1be7e75eac5e,7128.26,2026-08-03
0xc50def534780b13498f6aeaace1117d1acce0e83,7117.34,2026-08-03
0x44627b03689d53bc3da8edc51f555eda8d24cb49,7113.83,2026-08-03
0x1d948ff89b72c5c5f8f27a6e4ab37472ac17887e,7105.06,2026-08-03
0x4ddfc71e635b84a2898cc69ed29db52e2fef31e2,7092.55,2026-08-03
0x1184b1b6579106eea2f1dfcaada654e7510f56cf,7078.71,2026-08-03
0xf173c9e87f850c1c3e2941d7ba15cafef9582338,7046.27,2026-08-03
0xf6148f6ec6c8c4f4da3695dc7b484bc9ba31e162,7044.73,2026-08-03
0x06b30a76f4144fdd59f150aeac49d90f7a915582,7036.73,2026-08-03
0xe07e13df77362b5f598c60757383c9993f758413,7009.05,2026-08-03
0xc51e1fcfeda7e33d74433397e502714629788953,7000.56,2026-08-03
0x81a8536c77155866d600d40d0b2c22ea15a8294d,7000.01,2026-08-03
0x54b934626888ae7ce0e7d95bdd14e07f5c1889ae,7000.00,2026-08-03
0x0660725bbc6da7037b65fd290cf0a8855716cc68,7000.00,2026-08-03
0x121345134b8b0f9ffe51cadde3da828e5a5ef1dd,6998.30,2026-08-03
0x7b2a9107d2e826328c58c4cbb60eecdfb5dd0550,6995.04,2026-08-03
0xcae6bcda7295fe55e932820839831831890d4942,6994.05,2026-08-03
0x1252a4aaaa3226f3390aa32f14a95e8af92f8170,6988.27,2026-08-03
0x5c1ffc36dfe795fd65ab6b9120adb510dfcbb697,6984.45,2026-08-03
0x97875c4b43686b6a52d02eb447dd77d832a0f851,6919.68,2026-08-03
0xf8f0a0b5a4504372186c8cb974b20053cff6b39e,6904.33,2026-08-03
0xfe28bd81d215982dde8bc428c47e933236edd334,6900.69,2026-08-03
0xcc8e03587a2e14feeb0897758e91ea95227c6b67,6900.00,2026-08-03
0x46f64bec31eaf281176f9bb5899107a80e932b45,6900.00,2026-08-03
0xc90d0795f031ace6cabb0cc2ceb7f7c1ffe66f37,6871.10,2026-08-03
0xa627a4f7b7784fd0a4d81a0305bfeb75e5332642,6860.34,2026-08-03
0x8b09f6aab9984620cfefcb8968bffeb5b4146aad,6835.92,2026-08-03
0xe44b9dc8bbc507399765e9eccefad6a6bf032ed7,6824.77,2026-08-03
0xe413ef44786a47894930c62ac98308465c83030b,6819.83,2026-08-03
0x98b4b0063066af67e62e5f6d1b4b8ec8612890f9,6785.87,2026-08-03
0xea82fcc545b70b32f9b77d18b7e38cc332450c35,6775.33,2026-08-03
0x84cae1f65ee602a33c06256e2717858445fe41b1,6770.40,2026-08-03
0xab4a085da830f262cac30399341cd51797c7fe67,6756.87,2026-08-03
0x5639014d17732a11c865726fe72e8eccc54838c4,6718.36,2026-08-03
0x2fa7d1ce08e1ef696995920c7e4b25b2420d71b8,6713.49,2026-08-03
0xed00342ef006d0a7a6dcf7150af56ab8778af247,6708.05,2026-08-03
0x15d5e370fee183a60e1e30573f37346e331f0bbe,6707.36,2026-08-03
0x7c9c025ab7d990c34fec4847b761c4e41fdd2146,6698.28,2026-08-03
0x22167c0038d6e9a0f24d141e263779ed8d50f1bb,6681.96,2026-08-03
0x2df799f96c21628d624e81c10e762bbb98435f49,6679.53,2026-08-03
0x66273988a9fe63a8bee60aa5cac460a4b8f1a85d,6666.79,2026-08-03
0x4dee2d59a1b7bda77b318dd1b44dc68d634c09c6,6660.48,2026-08-03
0xf9396827a35067fb0abb8e9854846545cb1d62af,6657.28,2026-08-03
0x22f63c8315d922f6594d1765cdfa4a301fee3a57,6651.81,2026-08-03
0x34705dafdf35f1919904bc3acfc0164432d29312,6647.90,2026-08-03
0xed28cbed9ebc761b6b3d50cb8ccae368de4394e7,6640.38,2026-08-03
0xfb1c096b5ad3b6dd6c15c444ade54db3a6cb758d,6631.51,2026-08-03
0xc2c761f11a65e19554c2a6b6d63eeaa969107b16,6627.96,2026-08-03
0x6de51a4e3f01d1c4c9d58d78e6070b52e8816466,6583.29,2026-08-03
0xd4709fbd1b5f481e48e5d69f3058f134cc6255fc,6569.28,2026-08-03
0x4af464ec67920dc70cf2fb0098063f5f4a5c8b33,6557.49,2026-08-03
0xb31d04cf12ba30420df926f654427fd6f080cc93,6556.61,2026-08-03
0xb60acdeecf59e460051ca23ce6adbeeb8a58e385,6546.66,2026-08-03
0x95052d0bfea1cd980d2ff03d5b5c7fe933f74d8f,6546.26,2026-08-03
0x0ae74726c29352a79c99b13e4f8ee47fee456865,6542.07,2026-08-03
0x7477196be738cf3d51d62196296d2afb946636ab,6537.93,2026-08-03
0xc0da683d1c8fdad26feb5806d7b547a45df328f5,6537.53,2026-08-03
0x6318023c6da8e7bd4f3baa532fde31dc274881db,6537.00,2026-08-03
0x9ed8d69ba9632a810af1678aaa1b983b522f1d0e,6536.27,2026-08-03
0xbc399f7d5ec9d3315e5fd02a9c3408d603121be0,6528.19,2026-08-03
0x87d95ee739245f584a0f667f2b338af0666f222e,6519.93,2026-08-03
0x9acb226455ded59f4a65107eb67e183a5ae1d6f9,6498.98,2026-08-03
0xe5f3de4e846707db8b9de7826142ca21367721be,6494.95,2026-08-03
0x0cef17224863043153c109cece45955f26e2a362,6467.85,2026-08-03
0x9fa78ba7e8565b77ee8d1b44c1a7ce4d44ece22c,6464.09,2026-08-03
0x7a5af459915cffec94cab344c06d78252b2244c4,6428.92,2026-08-03
0x1084aede95a0b345d1bf45b26d2ce162b174f1ef,6407.47,2026-08-03
0xf99fd39e19ad32041f9807062638abfa79cc7e04,6405.86,2026-08-03
0x4fe3498cbecd844ea659198103e69ef3ee146f42,6382.33,2026-08-03
0x50cfe07b43d7600840009ea5f1ca3c0a7534af3e,6369.39,2026-08-03
0x59777ce4382b26aa66968ef265664af87b766f5b,6353.10,2026-08-03
0x02c0cc3db5f8039ec6d0b9abda2968a5f2c582d6,6349.53,2026-08-03
0x71c740ec8f9585a08a484d4bd1550a14a3ab4a5e,6343.72,2026-08-03
0xe77b843d9c01057b4d0f6553e3b74a6676db73eb,6331.70,2026-08-03
0xe4a660d34484431cbe0f4f10bd24dd4307dbf901,6327.26,2026-08-03
0x1a67fc9add5dba0640bccb7a305e00ee79b6e551,6326.77,2026-08-03
0xc3a60ea6adbb564e3405823b245844e665e41a21,6323.60,2026-08-03
0xbc4dda8d0a8002483d6069e9eb1304c2752dd335,6322.77,2026-08-03
0xb240f28009a228526675f04c7c6928a5c000cfd3,6322.77,2026-08-03
0x9c303c9ad9dd0f7709bf8abd0095bf0b27bb5062,6247.60,2026-08-03
0xc694b27d4c2c2019cc9ba15d1f18f3cf5c3222bc,6234.90,2026-08-03
0xdfb20f34b39e1a40b2225075cb91a5463a95b367,6176.68,2026-08-03
0xdc0fff4c4538f0627168ce7e8c86557aca91d35f,6160.15,2026-08-03
0xb286d3a15f5669d59d104577d54c42c00d359ff1,6148.33,2026-08-03
0x42229f641619360a5b41216f719c1df85007b312,6141.92,2026-08-03
0x5cec7a982bb6d8c686b33083d38d5b73dc0fcded,6140.84,2026-08-03
0x861364d1c3e7b43655abd9a913f6a8b4a1e32a7d,6133.60,2026-08-03
0x1acc87db473b4da93b4f2872213070d7632dea9e,6119.86,2026-08-03
0xaa1246efcda6dbeeb46a886fa9830c07c1d9e694,6113.43,2026-08-03
0x857d8e1986360553e24f611df683becea65b35c0,6105.91,2026-08-03
0xbd3bc7a1b166c632ac1e982cdbd5af60ad58f8ac,6080.33,2026-08-03
0xe34741fb0d43e618eb7151376c696d56551a0c2e,6074.17,2026-08-03
0xae897c20c0e3b7aff40de8486d9771a0aab102a3,6066.29,2026-08-03
0xb9aa3da107ea01930e048a4272e9a018f0b85299,6059.56,2026-08-03
0x0657c9ba8f280cdb31ff3558180ebfe23db5bbeb,6054.25,2026-08-03
0x8ba6fb982cb4b6a240065376b944100bce31b9d6,6052.68,2026-08-03
0x663d3c6760a66f98f19e1af1bf80be98916e8df2,6042.11,2026-08-03
0xc99e84ee1c7b25dea8307b451a6e608aaf5b1b0f,6031.45,2026-08-03
0x502a9606eac91239430470a4ebfe366d27a92794,6021.55,2026-08-03
0x08961f7a06e4d44666c3d48767c7aaf25cd9c5e9,6021.04,2026-08-03
0x5f137f50914965c57eb22635f47fca39e74be0df,6007.00,2026-08-03
0xaf0d4f95a0562075b6312a8c4766bf23ca093d37,6003.45,2026-08-03
0x8242c43065b5922acc1cefa41582ff41d7a7aa3f,6000.00,2026-08-03
0x4b98ea26b67f250556694b304d61917247196014,5998.77,2026-08-03
0xa6b12e0ce462a70b1f6022c2246d207c8a2243f1,5997.08,2026-08-03
0x64a56de6434c24f679e67390cb41b3c41bffca42,5970.49,2026-08-03
0xc7cb454cefd11a346c5307d4865b5bb687aaad46,5954.20,2026-08-03
0x1148e2469853af92548d38e34eef8d70efdc7708,5952.62,2026-08-03
0xe98d231d73add6488d985f0c30dccfc9d30372fe,5948.89,2026-08-03
0x4ce559fed9a1a38c413f26c713afe98fe8569ef7,5948.39,2026-08-03
0x4a2284cf4cd64fa8651cf7f203b30548a1964e72,5932.93,2026-08-03
0xf36a7c26ee14b0ef53ad633f025b13bf1a95f00e,5930.34,2026-08-03
0x5425eaf13fcc80fefb40066ce0fcddc1936c396b,5925.30,2026-08-03
0x4a37fcdf4776aa46216832fefbcf27ba6702822f,5907.45,2026-08-03
0x47f6918e7c12e381187ebe384673523e86132b17,5901.07,2026-08-03
0xedd7035bb2cfa585115f36668a9483e055f683f8,5898.99,2026-08-03
0x5166c86665fa6d4461c20821b5753daf53ae6735,5880.70,2026-08-03
0x1dc89ab25ab5d8714fcf9ee4bd9c9a58debeb4d8,5876.02,2026-08-03
0xbc1a0ae0f487ff025dd8c86e7ceadb691744364f,5865.15,2026-08-03
0xf08d1329774c9f54089a27c53d00c1f503dffc2f,5864.96,2026-08-03
0x47cf389116c3f1a5dd7cfa448a3a42f50cec8fa9,5858.01,2026-08-03
0x7a3e43c0adc55d9cdba5b308b4468390683ef941,5848.86,2026-08-03
0x458326c6051dbb55e8e04c289fab51e766653e7a,5845.99,2026-08-03
0xd3a781e3292a543ce84a173c6efeabe6f5edfbe2,5845.77,2026-08-03
0xad4f8f6098232b250f2be2efd02248731246915d,5842.55,2026-08-03
0x98b0ba5c0b884e0d796e21acf4f4048002ee4814,5814.23,2026-08-03
0x69045fec3cd4c159fa170eae970fff7dd9057b36,5800.00,2026-08-03
0xd8441c29f57a73ff9012d45b518c515293126f0a,5793.63,2026-08-03
0x36a1fb798dcca1a42454d65d6d68bc846fd39abc,5774.86,2026-08-03
0xb0606624f885073b5a53e914284b613a54253f7f,5773.53,2026-08-03
0xd1277db20ccbb53954d69d7b4c6e46cc1b01657d,5755.27,2026-08-03
0x5d9d98790829748e5424716efcb0901a6b3f6ca8,5747.65,2026-08-03
0x314fb239453acd5b2c6359a3dcc7eb6923598497,5746.74,2026-08-03
0x0f5cf1a574f96500a8d4d0ccc9902a483d95e5f2,5741.01,2026-08-03
0x616d29a99e1031182d214c900a0bc4a696e71264,5718.85,2026-08-03
0x87ad488980a33e145397ef793365a7a41d3771b1,5710.53,2026-08-03
0x0ce762a5892df0dd91042a20f1eefd2c817c00fe,5707.91,2026-08-03
0x0df370b349ef3f0072bccd6e06664a8455cd881d,5700.77,2026-08-03
0x744dfccb6d3bd75571e9ed3c19fd0987c8493853,5697.46,2026-08-03
0x01616280a95748a0eef0ff202ce0ca108c992ee0,5692.79,2026-08-03
0x90bc3aec1711818add914911d2f65617fc7c5580,5675.87,2026-08-03
0x2d64eda347b09efd30e13ebf9d5520f865aacb45,5660.34,2026-08-03
0x4934bf3e5bf7fc59967ad9df6d9d6c73b40f7819,5631.50,2026-08-03
0x86305ab13a2a338f3aa92d87d0993066d6fb69fa,5626.60,2026-08-03
0x868325f3388660fd1e2a19d746a9848894cba04f,5625.23,2026-08-03
0x56b78c504abbb2a1c4abe907762c064c8d91d1d6,5593.87,2026-08-03
0x8bc1f49c37bcb9e3b53c83f5d0e54996c2c50a5d,5584.79,2026-08-03
0xe073182d644ebb5290cfa6915ba94312fc73a679,5579.28,2026-08-03
0xd55a8aba112fc3822f9a355b911614473c169610,5578.72,2026-08-03
0xe0941f222759f8173d46d061288131b999726d0d,5573.56,2026-08-03
0x6efe1a2ba24d002728252bf24f30527646966dd5,5563.40,2026-08-03
0xeccf1205474a1c4c88ae538477a207163e351760,5562.33,2026-08-03
0x03382f9c6e9b2a93e7d1cfb06ec64b8e693bc2e9,5539.08,2026-08-03
0x0281df16811c5f6c6b0d01d6444c16e31b50f449,5536.61,2026-08-03
0x6f920924e6f094e8afb669b6119d213fcea5e4dc,5524.82,2026-08-03
0xd0f2577ea6d87a20cc4c13282b65d2328383b70e,5523.97,2026-08-03
0xc8deada105a521737c52967d3995024ce24a3e0b,5520.36,2026-08-03
0x17c8d671987a519834aea2dc41267e3ff3ca052d,5509.90,2026-08-03
0x1f752d827ef423e6fa3bec5fddad7a326f79f617,5484.99,2026-08-03
0xd22be0bdfbba8c2d834e36085ec59c8722137988,5456.02,2026-08-03
0x48baf0ccb68f15d2cfa047196f7cfe236e886555,5447.00,2026-08-03
0x9fd3b814272bc2170984d3eee401c302577ce601,5437.71,2026-08-03
0xecb654cac63755fb6cf435065099094e09a9d268,5422.04,2026-08-03
0x21523b0ab3d1fdfcecad9a69ddb383ff3167fe68,5417.87,2026-08-03
0xd6db53257ea992a4acb5b089f0da8bffba8d970c,5416.32,2026-08-03
0x7535562cbed58f203fa57d16845a5fceb7009ff4,5411.85,2026-08-03
0x20d6e89edf0f780252b9e337a6e2e47722ae8221,5382.95,2026-08-03
0x2282ec5c89261ec018fed209f9c8d993ad5444be,5362.27,2026-08-03
0x3a0606e392d639f6909bb3a2ba2e3e1243a09ee5,5357.11,2026-08-03
0xa9f829f0647b151ece6e7ab90935c57cba934590,5354.59,2026-08-03
0x7f89fb55399c191f36bc6f138a784f378a854f1e,5344.54,2026-08-03
0x5d99fe238f0a85402100e322a351cdbd7f087c36,5339.02,2026-08-03
0x84ac9de807cefa7205b53108c705744da523f901,5332.43,2026-08-03
0xdbc8b8bdb3a000eee3ef388529f6723e43e3d713,5330.27,2026-08-03
0xb7b161699dcb28a783a165450c0d9431efffdf4c,5322.35,2026-08-03
0x1929ea9d92fcf09ea3739dbece07faefa582093b,5321.14,2026-08-03
0x711405745b6a3e4b08c0e77ebc23b63e691faaee,5315.26,2026-08-03
0xc8467c81ab995fe312ebf2eb764eb22feefb2ad5,5283.33,2026-08-03
0x4b0ed409e4b66593ca41b0551e1e1aaeed853e23,5256.04,2026-08-03
0xa630413cab133ba0167c47b527b85ff1182948d9,5239.15,2026-08-03
0x59e1e6919a41aaee9c7fbe282a77e445c6b15dac,5237.58,2026-08-03
0xccb5a97e03b8a6cca042f9c7fca8a3fd82f934c5,5236.81,2026-08-03
0xff84248dbd9121fe983f5606b3ad76e355f2fe7d,5215.72,2026-08-03
0x87771bcb8f75e390e2870736361d487e779b567f,5207.84,2026-08-03
0xd9fffc9132f1a360879056edbf48e8c3a6608c0e,5199.22,2026-08-03
0x39736c722daecbcd6a3369cd230258067d98f1e6,5199.22,2026-08-03
0xd5abeb2c24589850a0b1fc00f5e13330b0acbdce,5198.64,2026-08-03
0x041e85dc2d9d41736ff5a19579d4e771d4b70d62,5197.86,2026-08-03
0x77a0016c3b630944a4cf9a1e1618a069f54907ea,5187.64,2026-08-03
0xfdb9574b9ff4121e997f0c8fe28bc827e20ab319,5174.22,2026-08-03
0x0a2f3d33a5864e40716fa7e6cd45ba8ca8232006,5171.94,2026-08-03
0x1e64a5b25b455c2741c20b424a5a93181c75b811,5159.42,2026-08-03
0x0ca0e72dbaa961d2d05c73d62e038a37e133318b,5150.86,2026-08-03
0x300433974f5f6e91ad90b2a94d1853ee23735eb4,5148.33,2026-08-03
0x0b5aa23c19eb43524eb04c52dc6dfab5e7d13041,5119.05,2026-08-03
0x29bd57cd6b0c3968d5104748c6c23b1ff12ab173,5118.03,2026-08-03
0x20be0a58e641682fc0a56d40a7fa4cda7911c2ba,5112.93,2026-08-03
0x6fd57d1902b4bea7add33c87263f879d5a3c0374,5100.11,2026-08-03
0xb6e8a6112e4a46222eb21145c85217504088a4e1,5094.30,2026-08-03
0x2781b1f523ef419a01b459aec875335a67912984,5089.96,2026-08-03
0x3879fc8048b9cf1e57176b57457e5c4c1ce1dd45,5077.01,2026-08-03
0x559de58d49129918fd46fc86644b7e1041c855c3,5075.06,2026-08-03
0xcdf520b04048158b1134cc798751e5e0cdbb8122,5071.67,2026-08-03
0xd602b3d4e94d09ded44fdb4fa60332cdbc8cebb8,5067.56,2026-08-03
0x4f2aa32f121e3347caef0f15b057dd9bc210ca04,5060.71,2026-08-03
0x0b439718adb9e7ff6a112794306d295cdfaa0342,5059.87,2026-08-03
0x2a9e5cc2bc57493999b5029c8851d1b53c9c82ef,5050.17,2026-08-03
0x350ad39c692a98488eea4aedb3f3a3f3e6865977,5047.73,2026-08-03
0x03d6d7eae35d45a6052753eb6f8f1e610be8dac8,5046.78,2026-08-03
0x757b2640f721eafbb4a21872a503401792c80e22,5033.96,2026-08-03
0x2ef838af7277de7c71d5fac0f853ce3f058e54da,5029.15,2026-08-03
0xf2e864cc212c6d1aee52311e38469f069a6a6d97,5025.82,2026-08-03
0x2d5841f759b895a0b3be282abb1104bf5db5095d,5009.70,2026-08-03
0xe71ec87ada55dffe6be4cf664b33e767de8a2c91,5008.61,2026-08-03
0xc9078525659c3cabe2e5099c75d777ec6c258e64,5007.50,2026-08-03
0x985f4126917d0a80efad5fc6d662096f98983b5e,5004.11,2026-08-03
0x554d43078a930480fec1eb17307613c93c1b75c4,5000.39,2026-08-03
0x9733eaa817b57d1afd80f6f6fdcbb91d0b8ab632,5000.00,2026-08-03
0xb2c943286fc21db5cad9cec6239b0bc97566dc6c,5000.00,2026-08-03
